Usaha /Produk Utama,Total Aset (Rp. Juta),Penjualan Rata-rata Per Tahun (Rp.Juta),Jumlah Tenaga Kerja,Tahun Survey,Onclick,Sektor,Nama Badan Hukum,Jumlah Tenaga Kerja,Sistem Penjualan,Target Pasar Utama : Produk Masal,Target Pasar Utama : Produk Spesifik,Tingkat Pesaing Usaha,Total Aset,Penjualan Rata-Rata per Tahun,Proyeksi Pertumbuhan Penjualan,Kebutuhan Pembiayaan Kredit ,Nilai Aset yang data menjadi jaminan kredit,Jumlah Dokumen Persyaratan Kredit
Pangkas Rambut,60,48,2,2012,?pm=GmYYJs5qM2oHXekbqxOy3Q==&mp=p1ca+Y2BZCwOZVEqm2oXjA==,"Jasa Profesional, Ilmiah dan Teknis",Perorangan,2,Retail,"Tidak Ada   0,00 %","Masyarakat Gol Bawah (penghasilan sd 5 juta/bulan)   100,00 %",Rendah,"Rp. 60,00 Juta","Rp. 48,00 Juta",20 %/Tahun,"Rp. 4,00 Juta","Rp. 12,00 Juta",6
Jasa Salon ,20,132,3,2012,?pm=hvEV7a2nem/YuChEhgyE/A==&mp=p1ca+Y2BZCwOZVEqm2oXjA==,"Jasa Profesional, Ilmiah dan Teknis",Perorangan,3,Retail,"Tidak Ada   0,00 %","Masyarakat Golongan Menengah (penghasilan Rp 5 sd 10 juta/bulan)   100,00 %",Sedang,"Rp. 20,00 Juta","Rp. 132,00 Juta",10 %/Tahun,"Rp. 0,00 Juta","Rp. 87,00 Juta",6
Penjahit,54,40,6,2009,?pm=cgkTFQZe76Qkof6BhesbIg==&mp=2BbfzMJpZb2nANZ3GT30ng==,"Jasa Profesional, Ilmiah dan Teknis",Perorangan,6,Retail dan Distributor,"Masyarakat Gol Bawah (penghasilan sd 5 juta/bulan)   60,00 %","Masyarakat Gol Bawah (penghasilan sd 5 juta/bulan)   40,00 %",Rendah,"Rp. 54,00 Juta","Rp. 40,00 Juta",40 %/Tahun,"Rp. 6,00 Juta","Rp. 70,00 Juta",5
KURSUS MENJAHIT ,"15,86","14,4",1,2011,?pm=08Irr2EClpa2pSqBWCWaOg==&mp=Bjv3m4lcInn46OWc4jy6kQ==,"Jasa Profesional, Ilmiah dan Teknis",Perorangan,1,Retail,"Tidak Ada   0,00 %","Masyarakat Golongan Menengah (penghasilan Rp 5 sd 10 juta/bulan)   100,00 %",Rendah,"Rp. 15,86 Juta","Rp. 14,40 Juta",10 %/Tahun,"Rp. 8,00 Juta","Rp. 12,00 Juta",7
PLAT BK,"68,71",87,2,2011,?pm=m4DOBnazufQFCWdQYvL0gQ==&mp=Bjv3m4lcInn46OWc4jy6kQ==,"Jasa Profesional, Ilmiah dan Teknis",Perorangan,2,Retail,"Tidak Ada   0,00 %","Masyarakat Gol Bawah (penghasilan sd 5 juta/bulan)   100,00 %",Rendah,"Rp. 68,71 Juta","Rp. 87,00 Juta",5 %/Tahun,"Rp. 10,00 Juta","Rp. 130,00 Juta",6
Jahit Pakaian,"14,5",36,1,2010,?pm=iE7xxiL6YSQQ6P4ea6v3ng==&mp=JHuIBacQ7Iz+a8xx8lclUA==,"Jasa Profesional, Ilmiah dan Teknis",Perorangan,1,Retail,"Masyarakat Gol Bawah (penghasilan sd 5 juta/bulan)   100,00 %","Masyarakat Gol Bawah (penghasilan sd 5 juta/bulan)   100,00 %",Sedang,"Rp. 14,50 Juta","Rp. 36,00 Juta",20 %/Tahun,"Rp. 10,00 Juta","Rp. 10,00 Juta",4
Jasa Pangkas Rambut,"10,08","27,9",1,2011,?pm=KVsicvhFrZ7JZo0adI1Kkg==&mp=Bjv3m4lcInn46OWc4jy6kQ==,"Jasa Profesional, Ilmiah dan Teknis",Perorangan,1,Retail,"Tidak Ada   0,00 %","Masyarakat Gol Bawah (penghasilan sd 5 juta/bulan)   100,00 %",Sedang,"Rp. 10,08 Juta","Rp. 27,90 Juta",5 %/Tahun,"Rp. 5,00 Juta","Rp. 7,00 Juta",4
Pangkas Rambut,"68,5",90,1,2013,?pm=gQq6K+zSiYYdYlz0K53mRw==&mp=fOhzApotY5QnAtxxXvjAfA==,"Jasa Profesional, Ilmiah dan Teknis",Perorangan,1,Retail,"Tidak Ada   0,00 %","Masyarakat Gol Bawah (penghasilan sd 5 juta/bulan)   100,00 %",Tinggi,"Rp. 68,50 Juta","Rp. 90,00 Juta",10 %/Tahun,"Rp. 10,00 Juta","Rp. 59,00 Juta",6
Fotografi,"185,85",84,3,2013,?pm=8XJwY+loX1U2HR9pXfR2nA==&mp=fOhzApotY5QnAtxxXvjAfA==,"Jasa Profesional, Ilmiah dan Teknis",Perorangan,3,Retail,"Masyarakat Gol Bawah (penghasilan sd 5 juta/bulan)   100,00 %","Tidak Ada   0,00 %",Sedang,"Rp. 185,85 Juta","Rp. 84,00 Juta",10 %/Tahun,"Rp. 10,00 Juta","Rp. 8,00 Juta",5
Pangkas Rambut,"55,6",36,1,2013,?pm=DtMvNUvxtEeIjOLTvbtvgw==&mp=fOhzApotY5QnAtxxXvjAfA==,"Jasa Profesional, Ilmiah dan Teknis",Perorangan,1,Retail,"Tidak Ada   0,00 %","Masyarakat Gol Bawah (penghasilan sd 5 juta/bulan)   100,00 %",Tinggi,"Rp. 55,60 Juta","Rp. 36,00 Juta",10 %/Tahun,"Rp. 5,00 Juta","Rp. 6,00 Juta",5
Konveksi(penjahit),9,"44,4",2,2010,?pm=beRgqzypK6vs8yy36F9H1g==&mp=JHuIBacQ7Iz+a8xx8lclUA==,"Jasa Profesional, Ilmiah dan Teknis",Perorangan,2,Retail,"Tidak Ada   0,00 %","Tidak Ada   100,00 %",Sedang,"Rp. 9,00 Juta","Rp. 44,40 Juta",25 %/Tahun,"Rp. 5,00 Juta","Rp. 3,00 Juta",4
Penjahit,"18,5",90,3,2013,?pm=zVreIGKTSdMUsZGDegBC+w==&mp=fOhzApotY5QnAtxxXvjAfA==,"Jasa Profesional, Ilmiah dan Teknis",Perorangan,3,Retail,"Tidak Ada   0,00 %","Masyarakat Gol Bawah (penghasilan sd 5 juta/bulan)   100,00 %",Tinggi,"Rp. 18,50 Juta","Rp. 90,00 Juta",10 %/Tahun,"Rp. 10,00 Juta","Rp. 8,00 Juta",5
Salon,"2,5",24,1,2013,?pm=/L91VCACxNuLm+Qg29hXnQ==&mp=fOhzApotY5QnAtxxXvjAfA==,"Jasa Profesional, Ilmiah dan Teknis",Perorangan,1,Retail,"Tidak Ada   0,00 %","Masyarakat Gol Bawah (penghasilan sd 5 juta/bulan)   100,00 %",Rendah,"Rp. 2,50 Juta","Rp. 24,00 Juta",10 %/Tahun,"Rp. 10,00 Juta","Rp. 60,00 Juta",5
Penjahit,"475,8","13,5",1,2013,?pm=IIsNJKYqTR6Zn3Iw9wlo5Q==&mp=fOhzApotY5QnAtxxXvjAfA==,"Jasa Profesional, Ilmiah dan Teknis",Perorangan,1,Retail,"Tidak Ada   0,00 %","Masyarakat Gol Bawah (penghasilan sd 5 juta/bulan)   100,00 %",Rendah,"Rp. 475,80 Juta","Rp. 13,50 Juta",15 %/Tahun,"Rp. 10,00 Juta","Rp. 25,00 Juta",5
Jasa Jahit,38,144,3,2010,?pm=FS1gfR+64yQYEYTFofxH2g==&mp=JHuIBacQ7Iz+a8xx8lclUA==,"Jasa Profesional, Ilmiah dan Teknis",Perorangan,3,Retail,"Tidak Ada   0,00 %","Masyarakat Gol Bawah (penghasilan sd 5 juta/bulan)   100,00 %",Sedang,"Rp. 38,00 Juta","Rp. 144,00 Juta",25 %/Tahun,"Rp. 10,00 Juta","Rp. 10,00 Juta",4
Penjahit,68,"29,3",1,2013,?pm=I/n9Nh7BGjm7OSWdckVHHQ==&mp=fOhzApotY5QnAtxxXvjAfA==,"Jasa Profesional, Ilmiah dan Teknis",Perorangan,1,Retail,"Tidak Ada   0,00 %","Masyarakat Gol Bawah (penghasilan sd 5 juta/bulan)   100,00 %",Rendah,"Rp. 68,00 Juta","Rp. 29,30 Juta",10 %/Tahun,"Rp. 5,00 Juta","Rp. 65,00 Juta",4
Servis Jok dan Jahit,"7,5","28,8",1,2011,?pm=bl9TlqoqPKS6g3GB+0Xzow==&mp=Bjv3m4lcInn46OWc4jy6kQ==,"Jasa Profesional, Ilmiah dan Teknis",Perorangan,1,Retail,"Tidak Ada   0,00 %","Masyarakat Golongan Menengah (penghasilan Rp 5 sd 10 juta/bulan)   100,00 %",Sedang,"Rp. 7,50 Juta","Rp. 28,80 Juta",10 %/Tahun,"Rp. 9,00 Juta","Rp. 11,00 Juta",4
Tailor,29,204,3,2012,?pm=cL9FSh1Sggxzm2vH00GHvg==&mp=p1ca+Y2BZCwOZVEqm2oXjA==,"Jasa Profesional, Ilmiah dan Teknis",Perorangan,3,Retail,"Tidak Ada   0,00 %","Masyarakat Golongan Menengah (penghasilan Rp 5 sd 10 juta/bulan)   100,00 %",Sedang,"Rp. 29,00 Juta","Rp. 204,00 Juta",30 %/Tahun,"Rp. 0,00 Juta","Rp. 340,00 Juta",7
Salon Umi,"31,8",204,1,2011,?pm=SxCoXIY9tAsDLPOfMyDCXw==&mp=Bjv3m4lcInn46OWc4jy6kQ==,"Jasa Profesional, Ilmiah dan Teknis",Perorangan,1,Retail,"Tidak Ada   0,00 %","Masyarakat Gol Bawah (penghasilan sd 5 juta/bulan)   100,00 %",Sedang,"Rp. 31,80 Juta","Rp. 204,00 Juta",5 %/Tahun,"Rp. 10,00 Juta","Rp. 5,00 Juta",5
Pangkas Rambut,102,180,2,2012,?pm=Q3fMVzLJOyUF9jYOHhD7zw==&mp=p1ca+Y2BZCwOZVEqm2oXjA==,"Jasa Profesional, Ilmiah dan Teknis",Perorangan,2,Retail,"Tidak Ada   0,00 %","Masyarakat Gol Bawah (penghasilan sd 5 juta/bulan)   100,00 %",Sedang,"Rp. 102,00 Juta","Rp. 180,00 Juta",20 %/Tahun,"Rp. 0,00 Juta","Rp. 67,00 Juta",5
Jahit Pakaian,"15,5",84,1,2010,?pm=5Q7tfCoSKR1rnFneISolPg==&mp=JHuIBacQ7Iz+a8xx8lclUA==,"Jasa Profesional, Ilmiah dan Teknis",Perorangan,1,Retail,"Tidak Ada   0,00 %","Masyarakat Gol Bawah (penghasilan sd 5 juta/bulan)   100,00 %",Rendah,"Rp. 15,50 Juta","Rp. 84,00 Juta",10 %/Tahun,"Rp. 10,00 Juta","Rp. 108,00 Juta",5
Warnet,"130,75",60,1,2010,?pm=J+JmpytzgZdRgmE2H6uhlg==&mp=JHuIBacQ7Iz+a8xx8lclUA==,"Jasa Profesional, Ilmiah dan Teknis",Perorangan,1,Retail,"Tidak Ada   0,00 %","Tidak Ada   0,00 %",Sedang,"Rp. 130,75 Juta","Rp. 60,00 Juta",25 %/Tahun,"Rp. 10,00 Juta","Rp. 98,00 Juta",4
"Usaha Las Pagar, Kanopi",14,44,2,2012,?pm=zvX6EJRxmE+dsCqrsjvbgA==&mp=p1ca+Y2BZCwOZVEqm2oXjA==,"Jasa Profesional, Ilmiah dan Teknis",Perorangan,2,Retail,"Tidak Ada   0,00 %","Masyarakat Gol Bawah (penghasilan sd 5 juta/bulan)   100,00 %",Rendah,"Rp. 14,00 Juta","Rp. 44,00 Juta",20 %/Tahun,"Rp. 9,00 Juta","Rp. 152,00 Juta",6
Ukiran Kaca,19,35,2,2012,?pm=Sx4drn/jQvfl7Qsm/ix53g==&mp=p1ca+Y2BZCwOZVEqm2oXjA==,"Jasa Profesional, Ilmiah dan Teknis",Perorangan,2,Retail,"Tidak Ada   0,00 %","Masyarakat Golongan Menengah (penghasilan Rp 5 sd 10 juta/bulan)   100,00 %",Rendah,"Rp. 19,00 Juta","Rp. 35,00 Juta",20 %/Tahun,"Rp. 9,00 Juta","Rp. 200,00 Juta",8
Bengkel Las,"46,5",204,2,2010,?pm=xqCSO5fGuY3fpJlQvUoTGA==&mp=JHuIBacQ7Iz+a8xx8lclUA==,"Jasa Profesional, Ilmiah dan Teknis",Perorangan,2,Distributor,"Masyarakat Golongan Menengah (penghasilan Rp 5 sd 10 juta/bulan)   30,00 %","Masyarakat Golongan Menengah (penghasilan Rp 5 sd 10 juta/bulan)   70,00 %",Sedang,"Rp. 46,50 Juta","Rp. 204,00 Juta",20 %/Tahun,"Rp. 9,00 Juta","Rp. 907,00 Juta",7
Penjahit,"6,5",180,4,2013,?pm=6QMsNfWVQ4RXwZOuV7I1hg==&mp=fOhzApotY5QnAtxxXvjAfA==,"Jasa Profesional, Ilmiah dan Teknis",Perorangan,4,Retail,"Tidak Ada   0,00 %","Masyarakat Gol Bawah (penghasilan sd 5 juta/bulan)   100,00 %",Sedang,"Rp. 6,50 Juta","Rp. 180,00 Juta",10 %/Tahun,"Rp. 10,00 Juta","Rp. 14,00 Juta",4
Jahit Celana,"18,6","86,4",1,2013,?pm=AMLNpJE78v0J0j/L0DoQHw==&mp=fOhzApotY5QnAtxxXvjAfA==,"Jasa Profesional, Ilmiah dan Teknis",Perorangan,1,Retail,"Tidak Ada   0,00 %","Masyarakat Gol Bawah (penghasilan sd 5 juta/bulan)   100,00 %",Sedang,"Rp. 18,60 Juta","Rp. 86,40 Juta",10 %/Tahun,"Rp. 5,00 Juta","Rp. 14,00 Juta",5
SERVICE HP,425,138,2,2012,?pm=tMAJnqSJ33YXsTdzuDae9A==&mp=p1ca+Y2BZCwOZVEqm2oXjA==,"Jasa Profesional, Ilmiah dan Teknis",Perorangan,2,Distributor,"Masyarakat Golongan Menengah (penghasilan Rp 5 sd 10 juta/bulan)   100,00 %","Masyarakat Golongan Menengah (penghasilan Rp 5 sd 10 juta/bulan)   100,00 %",Sedang,"Rp. 425,00 Juta","Rp. 138,00 Juta",5 %/Tahun,"Rp. 5,00 Juta","Rp. 440,00 Juta",5
Penjahit Pakaian,7,63,2,2012,?pm=V6DscPEXTgQ+nO0GKgQWJg==&mp=p1ca+Y2BZCwOZVEqm2oXjA==,"Jasa Profesional, Ilmiah dan Teknis",Perorangan,2,Retail,"Tidak Ada   0,00 %","Masyarakat Gol Bawah (penghasilan sd 5 juta/bulan)   100,00 %",Sedang,"Rp. 7,00 Juta","Rp. 63,00 Juta",30 %/Tahun,"Rp. 2,00 Juta","Rp. 0,00 Juta",3
Penjahit,132,180,1,2013,?pm=Ff4CSUXC9hxKMGrbzQNLDw==&mp=fOhzApotY5QnAtxxXvjAfA==,"Jasa Profesional, Ilmiah dan Teknis",Perorangan,1,Retail,"Tidak Ada   0,00 %","Masyarakat Gol Bawah (penghasilan sd 5 juta/bulan)   100,00 %",Sedang,"Rp. 132,00 Juta","Rp. 180,00 Juta",10 %/Tahun,"Rp. 10,00 Juta","Rp. 165,00 Juta",5
Penjahit,131,20,1,2012,?pm=Jv7XXihqQCqmA27dsAyKXQ==&mp=p1ca+Y2BZCwOZVEqm2oXjA==,"Jasa Profesional, Ilmiah dan Teknis",Perorangan,1,Retail,"Masyarakat Golongan Menengah (penghasilan Rp 5 sd 10 juta/bulan)   20,00 %","Masyarakat Golongan Menengah (penghasilan Rp 5 sd 10 juta/bulan)   80,00 %",Sedang,"Rp. 131,00 Juta","Rp. 20,00 Juta",20 %/Tahun,"Rp. 3,00 Juta","Rp. 125,00 Juta",3
Penjahit Pakaian,125,60,2,2012,?pm=aMU72MCt3+QZMOiompmV+g==&mp=p1ca+Y2BZCwOZVEqm2oXjA==,"Jasa Profesional, Ilmiah dan Teknis",Perorangan,2,Retail dan Distributor,"Masyarakat Golongan Menengah (penghasilan Rp 5 sd 10 juta/bulan)   25,00 %","Tidak Ada   75,00 %",Rendah,"Rp. 125,00 Juta","Rp. 60,00 Juta",20 %/Tahun,"Rp. 0,00 Juta","Rp. 120,00 Juta",4
Penjahit Pakaian Adaat,16,216,4,2012,?pm=DJOXEW46uKrym0l9O0gKNA==&mp=p1ca+Y2BZCwOZVEqm2oXjA==,"Jasa Profesional, Ilmiah dan Teknis",Perorangan,4,Retail,"Masyarakat Golongan Menengah (penghasilan Rp 5 sd 10 juta/bulan)   40,00 %","Masyarakat Golongan Menengah (penghasilan Rp 5 sd 10 juta/bulan)   60,00 %",Sedang,"Rp. 16,00 Juta","Rp. 216,00 Juta",20 %/Tahun,"Rp. 0,00 Juta","Rp. 8,00 Juta",4
Service Dinamo,114,60,3,2012,?pm=iP3TX9mA9AWtlV8LVVyPqA==&mp=p1ca+Y2BZCwOZVEqm2oXjA==,"Jasa Profesional, Ilmiah dan Teknis",Perorangan,3,Distributor,"Tidak Ada   0,00 %","Masyarakat Golongan Menengah (penghasilan Rp 5 sd 10 juta/bulan)   100,00 %",Tinggi,"Rp. 114,00 Juta","Rp. 60,00 Juta",20 %/Tahun,"Rp. 5,00 Juta","Rp. 110,00 Juta",5
Jasa Warnet,159,48,1,2010,?pm=xjBaNAURnYT+DRQe7C9F4w==&mp=JHuIBacQ7Iz+a8xx8lclUA==,"Jasa Profesional, Ilmiah dan Teknis",Perorangan,1,Retail,"Masyarakat Gol Bawah (penghasilan sd 5 juta/bulan)   100,00 %","Tidak Ada   0,00 %",Tinggi,"Rp. 159,00 Juta","Rp. 48,00 Juta",20 %/Tahun,"Rp. 7,50 Juta","Rp. 10,00 Juta",3
Jasa Penjahit,0,0,1,2012,?pm=cph9RKTCMCs5umv2Nnuyww==&mp=p1ca+Y2BZCwOZVEqm2oXjA==,"Jasa Profesional, Ilmiah dan Teknis",Perorangan,1,Retail,"Tidak Ada   0,00 %","Masyarakat Gol Bawah (penghasilan sd 5 juta/bulan)   90,00 %",Sedang,"Rp. 0,00 Juta","Rp. 0,00 Juta",0 %/Tahun,"Rp. 0,00 Juta","Rp. 4,00 Juta",3
Warnet,"54,5",54,1,2011,?pm=f+5LoZRzoeWN9Kv6WyDFvg==&mp=Bjv3m4lcInn46OWc4jy6kQ==,"Jasa Profesional, Ilmiah dan Teknis",Perorangan,1,Retail,"Masyarakat Gol Bawah (penghasilan sd 5 juta/bulan)   100,00 %","Tidak Ada   0,00 %",Sedang,"Rp. 54,50 Juta","Rp. 54,00 Juta",10 %/Tahun,"Rp. 10,00 Juta","Rp. 14,00 Juta",3
Jasa Jahit,"54,6",102,1,2013,?pm=bCYyVfrEfmK/HhCKE5cWkw==&mp=fOhzApotY5QnAtxxXvjAfA==,"Jasa Profesional, Ilmiah dan Teknis",Perorangan,1,Retail,"Masyarakat Golongan Menengah (penghasilan Rp 5 sd 10 juta/bulan)   0,00 %","Tidak Ada   100,00 %",Sedang,"Rp. 54,60 Juta","Rp. 102,00 Juta",10 %/Tahun,"Rp. 8,00 Juta","Rp. 88,00 Juta",5
Jasa rental Internet,107,123,2,2008,?pm=S7zxQseRWElE4UTIJJcopQ==&mp=LhrIHvxx5uWPOvZTrS6CKw==,"Jasa Profesional, Ilmiah dan Teknis",Perorangan,2,Retail,"Masyarakat Gol Bawah (penghasilan sd 5 juta/bulan)   100,00 %","Tidak Ada   0,00 %",Sedang,"Rp. 107,00 Juta","Rp. 123,00 Juta",30 %/Tahun,"Rp. 10,00 Juta","Rp. 150,00 Juta",5
Jasa Jahit,24,116,2,2013,?pm=BsPIT3AgBlW9ufZLWqlrjQ==&mp=fOhzApotY5QnAtxxXvjAfA==,"Jasa Profesional, Ilmiah dan Teknis",Perorangan,2,Retail,"Tidak Ada   0,00 %","Masyarakat Golongan Atas (penghasilan lebih dari Rp 10 juta/bulan)   100,00 %",Rendah,"Rp. 24,00 Juta","Rp. 116,00 Juta",10 %/Tahun,"Rp. 8,00 Juta","Rp. 120,00 Juta",6
Jahit Pakaian,"75,6",140,1,2011,?pm=MMdoJwIgBwODwNd1sYUWBQ==&mp=Bjv3m4lcInn46OWc4jy6kQ==,"Jasa Profesional, Ilmiah dan Teknis",Perorangan,1,Retail,"Tidak Ada   0,00 %","Masyarakat Gol Bawah (penghasilan sd 5 juta/bulan)   100,00 %",Rendah,"Rp. 75,60 Juta","Rp. 140,00 Juta",10 %/Tahun,"Rp. 9,00 Juta","Rp. 0,00 Juta",2
PENJAHIT PAKAIAN,"2,7","17,4",1,2011,?pm=NZw/1hGljm99Cq63lkIIqw==&mp=Bjv3m4lcInn46OWc4jy6kQ==,"Jasa Profesional, Ilmiah dan Teknis",Perorangan,1,Retail,"Masyarakat Gol Bawah (penghasilan sd 5 juta/bulan)   100,00 %","Masyarakat Gol Bawah (penghasilan sd 5 juta/bulan)   100,00 %",Sedang,"Rp. 2,70 Juta","Rp. 17,40 Juta",40 %/Tahun,"Rp. 0,00 Juta","Rp. 65,00 Juta",5
JAHITAN BAJU PRIA,60.200,5.600,3,2013,?pm=G8OM9RU1FA1lE4d26wjduw==&mp=fOhzApotY5QnAtxxXvjAfA==,"Jasa Profesional, Ilmiah dan Teknis",Perorangan,3,Retail,"Masyarakat Golongan Atas (penghasilan lebih dari Rp 10 juta/bulan)   100,00 %","Masyarakat Golongan Atas (penghasilan lebih dari Rp 10 juta/bulan)   100,00 %",Sedang,"Rp. 60.200,00 Juta","Rp. 5.600,00 Juta",10 %/Tahun,"Rp. 0,00 Juta","Rp. 600,00 Juta",3
Usaha Las,"13,5",94,1,2010,?pm=cL9Eu9Qgi74owrCQbguGHQ==&mp=JHuIBacQ7Iz+a8xx8lclUA==,"Jasa Profesional, Ilmiah dan Teknis",Perorangan,1,Retail,"Tidak Ada   0,00 %","Masyarakat Gol Bawah (penghasilan sd 5 juta/bulan)   100,00 %",Rendah,"Rp. 13,50 Juta","Rp. 94,00 Juta",10 %/Tahun,"Rp. 5,00 Juta","Rp. 87,00 Juta",5
Usaha Fotokopi,21,70,1,2010,?pm=277UsXysXcMcBeJUtZk8nQ==&mp=JHuIBacQ7Iz+a8xx8lclUA==,"Jasa Profesional, Ilmiah dan Teknis",Perorangan,1,Retail,"Masyarakat Gol Bawah (penghasilan sd 5 juta/bulan)   100,00 %","Tidak Ada   0,00 %",Rendah,"Rp. 21,00 Juta","Rp. 70,00 Juta",15 %/Tahun,"Rp. 10,00 Juta","Rp. 107,00 Juta",5
Fotocopy,"911,5",234,2,2011,?pm=jP9okpp72qzLahDPkC5NZA==&mp=Bjv3m4lcInn46OWc4jy6kQ==,"Jasa Profesional, Ilmiah dan Teknis",Perorangan,2,Retail,"Masyarakat Gol Bawah (penghasilan sd 5 juta/bulan)   100,00 %","Tidak Ada   0,00 %",Sedang,"Rp. 911,50 Juta","Rp. 234,00 Juta",20 %/Tahun,"Rp. 10,00 Juta","Rp. 860,00 Juta",6
Tambal Ban,45,127,1,2013,?pm=StJV36wnWYqLFEqES3jGaw==&mp=fOhzApotY5QnAtxxXvjAfA==,"Jasa Profesional, Ilmiah dan Teknis",Perorangan,1,Retail,"Masyarakat Golongan Menengah (penghasilan Rp 5 sd 10 juta/bulan)   100,00 %","Tidak Ada   0,00 %",Sedang,"Rp. 45,00 Juta","Rp. 127,00 Juta",10 %/Tahun,"Rp. 8,00 Juta","Rp. 70,00 Juta",5
PENJAHITAN ,52,112,2,2012,?pm=HjZKEJjKQbil84GBqv+XTg==&mp=p1ca+Y2BZCwOZVEqm2oXjA==,"Jasa Profesional, Ilmiah dan Teknis",Perorangan,2,Retail,"Tidak Ada   0,00 %","Masyarakat Gol Bawah (penghasilan sd 5 juta/bulan)   100,00 %",Sedang,"Rp. 52,00 Juta","Rp. 112,00 Juta",35 %/Tahun,"Rp. 10,00 Juta","Rp. 37,00 Juta",5
Foto Copy Dan Percetakan,725,360,9,2011,?pm=K2QYaTRPsHZqnvP3lKlD9Q==&mp=Bjv3m4lcInn46OWc4jy6kQ==,"Jasa Profesional, Ilmiah dan Teknis",CV,9,Retail,"Masyarakat Gol Bawah (penghasilan sd 5 juta/bulan)   100,00 %","Tidak Ada   0,00 %",Sedang,"Rp. 725,00 Juta","Rp. 360,00 Juta",30 %/Tahun,"Rp. 0,00 Juta","Rp. 1.600,00 Juta",10
Pangkas Rambut,3,30,1,2011,?pm=JikQIEjvlIo8WaIgsU55BA==&mp=Bjv3m4lcInn46OWc4jy6kQ==,"Jasa Profesional, Ilmiah dan Teknis",Perorangan,1,Retail,"Masyarakat Gol Bawah (penghasilan sd 5 juta/bulan)   100,00 %","Tidak Ada   0,00 %",Sedang,"Rp. 3,00 Juta","Rp. 30,00 Juta",20 %/Tahun,"Rp. 10,00 Juta","Rp. 14,00 Juta",5
Fotografi,"366,2",615,15,2011,?pm=1CIP1GLDkWvfAKJv75AQew==&mp=Bjv3m4lcInn46OWc4jy6kQ==,"Jasa Profesional, Ilmiah dan Teknis",Perorangan,15,Retail,"Masyarakat Golongan Atas (penghasilan lebih dari Rp 10 juta/bulan)   100,00 %","Tidak Ada   0,00 %",Tinggi,"Rp. 366,20 Juta","Rp. 615,00 Juta",20 %/Tahun,"Rp. 0,00 Juta","Rp. 0,00 Juta",9
Jasa Pangkas Rambut,"70,2",102,3,2011,?pm=s+WdoMawt7ZQ436Qr0EIVg==&mp=Bjv3m4lcInn46OWc4jy6kQ==,"Jasa Profesional, Ilmiah dan Teknis",Perorangan,3,Retail,"Tidak Ada   0,00 %","Tidak Ada   100,00 %",Sedang,"Rp. 70,20 Juta","Rp. 102,00 Juta",15 %/Tahun,"Rp. 0,00 Juta","Rp. 191,00 Juta",5
PEMBUATAN OVEN KUE ,396,600,4,2012,?pm=0JBLfPqwIFDmi5g4JcpzUg==&mp=p1ca+Y2BZCwOZVEqm2oXjA==,"Jasa Profesional, Ilmiah dan Teknis",Perorangan,4,Retail,"Masyarakat Gol Bawah (penghasilan sd 5 juta/bulan)   50,00 %","Masyarakat Gol Bawah (penghasilan sd 5 juta/bulan)   50,00 %",Rendah,"Rp. 396,00 Juta","Rp. 600,00 Juta",50 %/Tahun,"Rp. 0,00 Juta","Rp. 247,00 Juta",8
BENGKEL DAN JUAL ONDERDIL MOTOR,2.246,441,5,2012,?pm=hI3dLFRU3ZVd9puJEBwCIQ==&mp=p1ca+Y2BZCwOZVEqm2oXjA==,"Jasa Profesional, Ilmiah dan Teknis",Perorangan,5,Retail,"Tidak Ada   50,00 %","Tidak Ada   50,00 %",Sedang,"Rp. 2.246,00 Juta","Rp. 441,00 Juta",20 %/Tahun,"Rp. 0,00 Juta","Rp. 2.231,00 Juta",9
Service Handphone,"93,5",22,1,2009,?pm=Hf1C4ii5e6Wuf5hnNqyWJA==&mp=2BbfzMJpZb2nANZ3GT30ng==,"Jasa Profesional, Ilmiah dan Teknis",Perorangan,1,Retail,"Masyarakat Gol Bawah (penghasilan sd 5 juta/bulan)   30,00 %","Masyarakat Gol Bawah (penghasilan sd 5 juta/bulan)   70,00 %",Tinggi,"Rp. 93,50 Juta","Rp. 22,00 Juta",13 %/Tahun,"Rp. 5,00 Juta","Rp. 60,00 Juta",4
Jasa penyewaan Internet,"55,6",125,3,2008,?pm=v11HrDTtBWV1aUZFpsnrZw==&mp=LhrIHvxx5uWPOvZTrS6CKw==,"Jasa Profesional, Ilmiah dan Teknis",Perorangan,3,Retail,"Masyarakat Gol Bawah (penghasilan sd 5 juta/bulan)   100,00 %","Tidak Ada   0,00 %",Tinggi,"Rp. 55,60 Juta","Rp. 125,00 Juta",20 %/Tahun,"Rp. 0,00 Juta","Rp. 40,00 Juta",2
Salon,"23,5",98,1,2010,?pm=qOkTbrj8tj9vWWku7He25g==&mp=JHuIBacQ7Iz+a8xx8lclUA==,"Jasa Profesional, Ilmiah dan Teknis",Perorangan,1,Retail,"Masyarakat Gol Bawah (penghasilan sd 5 juta/bulan)   0,00 %","Masyarakat Gol Bawah (penghasilan sd 5 juta/bulan)   100,00 %",Rendah,"Rp. 23,50 Juta","Rp. 98,00 Juta",25 %/Tahun,"Rp. 10,00 Juta","Rp. 114,00 Juta",-
Warnet,272,144,2,2010,?pm=TOMY18kufCsJidEOGI2kdQ==&mp=JHuIBacQ7Iz+a8xx8lclUA==,"Jasa Profesional, Ilmiah dan Teknis",Perorangan,2,Retail,"Masyarakat Gol Bawah (penghasilan sd 5 juta/bulan)   100,00 %","Masyarakat Gol Bawah (penghasilan sd 5 juta/bulan)   0,00 %",Sedang,"Rp. 272,00 Juta","Rp. 144,00 Juta",20 %/Tahun,"Rp. 0,00 Juta","Rp. 185,00 Juta",-
Jasa Servis,10,40,1,2012,?pm=QmiOjBrVB6dcA8cZ9plZhA==&mp=p1ca+Y2BZCwOZVEqm2oXjA==,"Jasa Profesional, Ilmiah dan Teknis",Perorangan,1,Retail,"Tidak Ada   0,00 %","Masyarakat Gol Bawah (penghasilan sd 5 juta/bulan)   100,00 %",Rendah,"Rp. 10,00 Juta","Rp. 40,00 Juta",20 %/Tahun,"Rp. 0,00 Juta","Rp. 10,00 Juta",6
Salon,1.047.000.000,160.000.000,3,2012,?pm=wfNM+ZP7DXs9Gn2PdZJZsw==&mp=p1ca+Y2BZCwOZVEqm2oXjA==,"Jasa Profesional, Ilmiah dan Teknis",Perorangan,3,Retail,"Tidak Ada   0,00 %","Masyarakat Golongan Atas (penghasilan lebih dari Rp 10 juta/bulan)   100,00 %",Rendah,"Rp. 1.047.000.000,00 Juta","Rp. 160.000.000,00 Juta",30 %/Tahun,"Rp. 0,00 Juta","Rp. 1.366,00 Juta",6
PENJAHITAN,"113,6",300,11,2011,?pm=JV0j4UIGS800pLF3ItvSaw==&mp=Bjv3m4lcInn46OWc4jy6kQ==,"Jasa Profesional, Ilmiah dan Teknis",Perorangan,11,Retail,"Masyarakat Golongan Menengah (penghasilan Rp 5 sd 10 juta/bulan)   100,00 %","Masyarakat Gol Bawah (penghasilan sd 5 juta/bulan)   100,00 %",Sedang,"Rp. 113,60 Juta","Rp. 300,00 Juta",40 %/Tahun,"Rp. 0,00 Juta","Rp. 86,00 Juta",2
Warnet,30,20,1,2012,?pm=R+Dcd3fcERlWk0NzTiOJAg==&mp=p1ca+Y2BZCwOZVEqm2oXjA==,"Jasa Profesional, Ilmiah dan Teknis",Perorangan,1,Retail,"Masyarakat Gol Bawah (penghasilan sd 5 juta/bulan)   100,00 %","Tidak Ada   0,00 %",Sedang,"Rp. 30,00 Juta","Rp. 20,00 Juta",10 %/Tahun,"Rp. 10,00 Juta","Rp. 10,00 Juta",7
Bengkel Las,27,50,1,2012,?pm=k8BSigRNaB7ONZ5Altu69Q==&mp=p1ca+Y2BZCwOZVEqm2oXjA==,"Jasa Profesional, Ilmiah dan Teknis",Perorangan,1,Retail,"Tidak Ada   0,00 %","Masyarakat Golongan Menengah (penghasilan Rp 5 sd 10 juta/bulan)   100,00 %",Tinggi,"Rp. 27,00 Juta","Rp. 50,00 Juta",10 %/Tahun,"Rp. 5,00 Juta","Rp. 10,00 Juta",7
PERIAS PENGANTIN,"197,1","35,2",2,2011,?pm=on9YWkFbgpoNC7Itt7WOEA==&mp=Bjv3m4lcInn46OWc4jy6kQ==,"Jasa Profesional, Ilmiah dan Teknis",Perorangan,2,Retail,"Tidak Ada   0,00 %","Masyarakat Gol Bawah (penghasilan sd 5 juta/bulan)   100,00 %",Sedang,"Rp. 197,10 Juta","Rp. 35,20 Juta",5 %/Tahun,"Rp. 10,00 Juta","Rp. 160,00 Juta",5
Salon,"18,2",48,2,2011,?pm=5Q83QHzkND4NglhHUQN5Sg==&mp=Bjv3m4lcInn46OWc4jy6kQ==,"Jasa Profesional, Ilmiah dan Teknis",Perorangan,2,Retail,"Masyarakat Gol Bawah (penghasilan sd 5 juta/bulan)   100,00 %","Masyarakat Gol Bawah (penghasilan sd 5 juta/bulan)   0,00 %",Sedang,"Rp. 18,20 Juta","Rp. 48,00 Juta",10 %/Tahun,"Rp. 5,00 Juta","Rp. 23,00 Juta",3
Salon Pengantin,140,60,22,2011,?pm=ufUZhB6ZJKd9VKIp2TS+Ug==&mp=Bjv3m4lcInn46OWc4jy6kQ==,"Jasa Profesional, Ilmiah dan Teknis",,,,"   0,00 %","   0,00 %",,"Rp. 0,00 Juta","Rp. 0,00 Juta", %/Tahun,"Rp. 0,00 Juta","Rp. 0,00 Juta",
Salon,262,120,11,2011,?pm=xNLCToZhoe2rVu5IB6WXWg==&mp=Bjv3m4lcInn46OWc4jy6kQ==,"Jasa Profesional, Ilmiah dan Teknis",Perorangan,11,Retail,"Masyarakat Gol Bawah (penghasilan sd 5 juta/bulan)   100,00 %","Tidak Ada   0,00 %",Sedang,"Rp. 262,00 Juta","Rp. 120,00 Juta",40 %/Tahun,"Rp. 0,00 Juta","Rp. 212,00 Juta",9
JAHIT,"58,62","14,4",2,2011,?pm=5djHXmsM4gy33iVQDwBreg==&mp=Bjv3m4lcInn46OWc4jy6kQ==,"Jasa Profesional, Ilmiah dan Teknis",Perorangan,2,Retail,"Masyarakat Gol Bawah (penghasilan sd 5 juta/bulan)   10,00 %","Masyarakat Gol Bawah (penghasilan sd 5 juta/bulan)   90,00 %",Rendah,"Rp. 58,62 Juta","Rp. 14,40 Juta",14 %/Tahun,"Rp. 0,00 Juta","Rp. 0,00 Juta",8
General Contractor,404,800,10,2014,?pm=x7CA8kxmYbiAvnjvZqs6zg==&mp=xI6rAeQkygTAn3Z625IGLg==,"Jasa Profesional, Ilmiah dan Teknis",CV,10,Retail,"Masyarakat Golongan Atas (penghasilan lebih dari Rp 10 juta/bulan)   25,00 %","Masyarakat Golongan Atas (penghasilan lebih dari Rp 10 juta/bulan)   75,00 %",Sedang,"Rp. 404,00 Juta","Rp. 800,00 Juta",- %/Tahun,"Rp. 1,00 Juta","Rp. 15,00 Juta",8
Konveksi,108.000.000,70.000.000,5,2013,?pm=3znji5ye4KnCBfczDA4DtA==&mp=fOhzApotY5QnAtxxXvjAfA==,"Jasa Profesional, Ilmiah dan Teknis",Perorangan,5,Retail,"Masyarakat Gol Bawah (penghasilan sd 5 juta/bulan)   0,00 %","Masyarakat Golongan Menengah (penghasilan Rp 5 sd 10 juta/bulan)   50,00 %",Tinggi,"Rp. 108.000.000,00 Juta","Rp. 70.000.000,00 Juta",20 %/Tahun,"Rp. 0,00 Juta","Rp. 95.000.000,00 Juta",6
Jasa Jahit,44,36,1,2013,?pm=EraBFBWiGxX38y3oyMD8OA==&mp=fOhzApotY5QnAtxxXvjAfA==,"Jasa Profesional, Ilmiah dan Teknis",Perorangan,1,Retail,"Masyarakat Gol Bawah (penghasilan sd 5 juta/bulan)   30,00 %","Tidak Ada   0,00 %",Sedang,"Rp. 44,00 Juta","Rp. 36,00 Juta",40 %/Tahun,"Rp. 8,00 Juta","Rp. 0,00 Juta",3
JAHITAN,"48,6",38,4,2010,?pm=RFqOnvcsIbL08GaYuS2ysA==&mp=JHuIBacQ7Iz+a8xx8lclUA==,"Jasa Profesional, Ilmiah dan Teknis",Perorangan,4,Retail,"Tidak Ada   0,00 %","Masyarakat Golongan Menengah (penghasilan Rp 5 sd 10 juta/bulan)   100,00 %",Rendah,"Rp. 48,60 Juta","Rp. 38,00 Juta",20 %/Tahun,"Rp. 10,00 Juta","Rp. 37,00 Juta",1
Menjahit Baju,"11,67","32,4",2,2016,?pm=vBtmEsPx1c8LCVJLo/znVg==&mp=5JdvraNzQnzSzI+hC9alEQ==,"Jasa Profesional, Ilmiah dan Teknis",Perorangan,2,Retail dan Distributor,"Masyarakat Golongan Menengah (penghasilan Rp 5 sd 10 juta/bulan)   50,00 %","Masyarakat Golongan Menengah (penghasilan Rp 5 sd 10 juta/bulan)   50,00 %",Tinggi,"Rp. 11,67 Juta","Rp. 32,40 Juta",- %/Tahun,"Rp. 9,00 Juta","Rp. 14,00 Juta",7
Penjahit,"4,8",144,1,2016,?pm=q8+VyxgymNueHSwjTJlH6w==&mp=5JdvraNzQnzSzI+hC9alEQ==,"Jasa Profesional, Ilmiah dan Teknis",Perorangan,1,Retail,"Tidak Ada   0,00 %","Masyarakat Gol Bawah (penghasilan sd 5 juta/bulan)   100,00 %",Sedang,"Rp. 4,80 Juta","Rp. 144,00 Juta",- %/Tahun,"Rp. 7,20 Juta","Rp. 3,00 Juta",4
Penjahit,"390,2",630,4,2016,?pm=a9wUKiKw+5+fRaYoruIo/g==&mp=5JdvraNzQnzSzI+hC9alEQ==,"Jasa Profesional, Ilmiah dan Teknis",Perorangan,4,Retail,"Tidak Ada   0,00 %","Masyarakat Gol Bawah (penghasilan sd 5 juta/bulan)   100,00 %",Sedang,"Rp. 390,20 Juta","Rp. 630,00 Juta",- %/Tahun,"Rp. 7,50 Juta","Rp. 832,00 Juta",6
Stempel,18,300,3,2016,?pm=A8H36n78qXkdUNdAyDaGWg==&mp=5JdvraNzQnzSzI+hC9alEQ==,"Jasa Profesional, Ilmiah dan Teknis",Perorangan,3,Retail,"Masyarakat Gol Bawah (penghasilan sd 5 juta/bulan)   100,00 %","Tidak Ada   0,00 %",Tinggi,"Rp. 18,00 Juta","Rp. 300,00 Juta",- %/Tahun,"Rp. 9,00 Juta","Rp. 2,00 Juta",3
Salon Rambut,"209,55",216,1,2016,?pm=5X8EbcKXcsjtL2JzLl/VEw==&mp=5JdvraNzQnzSzI+hC9alEQ==,"Jasa Profesional, Ilmiah dan Teknis",Perorangan,1,Retail,"Tidak Ada   0,00 %","Masyarakat Gol Bawah (penghasilan sd 5 juta/bulan)   100,00 %",Tinggi,"Rp. 209,55 Juta","Rp. 216,00 Juta",- %/Tahun,"Rp. 5,00 Juta","Rp. 1.000,00 Juta",2
Penjahit,33,24,2,2016,?pm=1IO++oEqVlHpxp380asksA==&mp=5JdvraNzQnzSzI+hC9alEQ==,"Jasa Profesional, Ilmiah dan Teknis",Perorangan,2,Retail,"Tidak Ada   0,00 %","Masyarakat Gol Bawah (penghasilan sd 5 juta/bulan)   100,00 %",Tinggi,"Rp. 33,00 Juta","Rp. 24,00 Juta",- %/Tahun,"Rp. 9,50 Juta","Rp. 16,00 Juta",3
