Nama Perusahaan/Nama Pengusaha,Usaha /Produk Utama,Total Aset (Rp. Juta),Penjualan Rata-rata Per Tahun (Rp.Juta),Jumlah Tenaga Kerja,Tahun Survey,Onclick
 Kios Peracangan,Pupuk,361,325,1,2012,"['_pengusahadetail(""?pm=w+TTKcEqnkNI9YbhGbMmvQ==&mp=p1ca+Y2BZCwOZVEqm2oXjA=="",""Kios Peracangan"")']"
 CANDRA KIRANA,Rumah Makan Ikan Bakar,883,"339,99",15,2011,"['_pengusahadetail(""?pm=CA08PINKsin/6alrAeDstw==&mp=Bjv3m4lcInn46OWc4jy6kQ=="",""CANDRA KIRANA"")']"
 Kangkung Gn IV,Kebun,"201,7",3,2,2013,"['_pengusahadetail(""?pm=YBRDVhPEXPvgyjIf8iKi3Q==&mp=fOhzApotY5QnAtxxXvjAfA=="",""Kangkung Gn IV"")']"
 Petani Karet,Perkebunan Karet,"22,5",9,1,2014,"['_pengusahadetail(""?pm=4kARD7cKc9cXw4CeMceHUA==&mp=xI6rAeQkygTAn3Z625IGLg=="",""Petani Karet"")']"
 Pekebun,Tanah Palawija,"91,1","44,4",1,2014,"['_pengusahadetail(""?pm=E1ITtDbwqRPZuksVEFmwew==&mp=xI6rAeQkygTAn3Z625IGLg=="",""Pekebun"")']"
 Petani Gambas,Petani Gambas,"71,03",17,4,2014,"['_pengusahadetail(""?pm=7hWxUQ5kPmkI8kMsbzTn8Q==&mp=xI6rAeQkygTAn3Z625IGLg=="",""Petani Gambas"")']"
 Pekebun ,Tanam Palawija ,"91,1","44,4",1,2014,"['_pengusahadetail(""?pm=iFxXTF/Kc1+6PaP2aWka6w==&mp=xI6rAeQkygTAn3Z625IGLg=="",""Pekebun "")']"
 Petani Cabe Keriting,Cabe Kecil,"65,35","44,5",4,2014,"['_pengusahadetail(""?pm=3Fie1S2thQxGhb/fQw8dhA==&mp=xI6rAeQkygTAn3Z625IGLg=="",""Petani Cabe Keriting"")']"
 Kelompok Ternak Kambing Jawa Randi,Kambing,43,24,20,2012,"['_pengusahadetail(""?pm=129ay9DMS1ouNhuJJaxjoQ==&mp=p1ca+Y2BZCwOZVEqm2oXjA=="",""Kelompok Ternak Kambing Jawa Randi"")']"
 Nelayan Ikan,Perikanan,"31,2",15,2,2014,"['_pengusahadetail(""?pm=UV1DIrCnRtIqzeBjmFsK1g==&mp=xI6rAeQkygTAn3Z625IGLg=="",""Nelayan Ikan"")']"
 Tanaman Hias,Produksi Tanaman Hias Dan Mediasi,27,104,3,2012,"['_pengusahadetail(""?pm=x22QiwL9U6+yiQffkn6d5w==&mp=p1ca+Y2BZCwOZVEqm2oXjA=="",""Tanaman Hias"")']"
 Yusri,Udang Dan Ikan,82,80,2,2011,"['_pengusahadetail(""?pm=ZKL7AR2iYCXuBvfe6jyFKg==&mp=Bjv3m4lcInn46OWc4jy6kQ=="",""Yusri"")']"
 Syahrial,Budidaya Ayam Siam,9,13,1,2011,"['_pengusahadetail(""?pm=JB/zE1iraPBEDn+yfD5RIg==&mp=Bjv3m4lcInn46OWc4jy6kQ=="",""Syahrial"")']"
 Ibrahim,Jualan Ikan,10,22,1,2011,"['_pengusahadetail(""?pm=l4nHEpqJbOhFLjewEl6iSQ==&mp=Bjv3m4lcInn46OWc4jy6kQ=="",""Ibrahim"")']"
 M.Daud,Budidaya Lembu,23,340,1,2011,"['_pengusahadetail(""?pm=typ0xkHp9xqZ3O3gMwR82A==&mp=Bjv3m4lcInn46OWc4jy6kQ=="",""M.Daud"")']"
 M.Jamal B,Giling Bumbu,17,200,2,2011,"['_pengusahadetail(""?pm=EsQ/31iyX2bM0iXOhJo7IA==&mp=Bjv3m4lcInn46OWc4jy6kQ=="",""M.Jamal B"")']"
 Jayusman,Pakan Ternak,9,84,1,2011,"['_pengusahadetail(""?pm=7QOpF9Gp7XoQSQasVhs3Yw==&mp=Bjv3m4lcInn46OWc4jy6kQ=="",""Jayusman"")']"
 Yusdar Hamid,Soevenir,10,189,3,2011,"['_pengusahadetail(""?pm=2d8OKMngKcxnUGVhjGJqFg==&mp=Bjv3m4lcInn46OWc4jy6kQ=="",""Yusdar Hamid"")']"
 Zulkifli,Air Tebu,5,48,2,2011,"['_pengusahadetail(""?pm=RpTBuwFXpk0U+svpbtrrNw==&mp=Bjv3m4lcInn46OWc4jy6kQ=="",""Zulkifli"")']"
 Zulkifli,Pertanian Sayuran,5,1,3,2011,"['_pengusahadetail(""?pm=RlR/Krifi75XoGo535yyMA==&mp=Bjv3m4lcInn46OWc4jy6kQ=="",""Zulkifli"")']"
 Usman Ali,Pertanian Sayuran,652,7,2,2011,"['_pengusahadetail(""?pm=XENjH1A/A5nnRhWEb/6NkA==&mp=Bjv3m4lcInn46OWc4jy6kQ=="",""Usman Ali"")']"
 Syamsudin M.Ali,Pertanian Sayuran,501,14,3,2011,"['_pengusahadetail(""?pm=2b89b119CNCbmTmeGtFrbA==&mp=Bjv3m4lcInn46OWc4jy6kQ=="",""Syamsudin M.Ali"")']"
 Pembesaran Ikan Pak Habib,Pembesaran Ikan Nila,3.368,7.000,1,2012,"['_pengusahadetail(""?pm=+JFnDgVpk1FbmczDyVzjtQ==&mp=p1ca+Y2BZCwOZVEqm2oXjA=="",""Pembesaran Ikan Pak Habib"")']"
 Tembakau Rajang Sulardi,Tembakau Potong,24.500.000,"290,5",2,2011,"['_pengusahadetail(""?pm=ykfikupFMdFLA5dGk5JT5g==&mp=Bjv3m4lcInn46OWc4jy6kQ=="",""Tembakau Rajang Sulardi"")']"
 Saryadi Puyuh,Ternak Puyuh,21.950.000,"172,44",1,2011,"['_pengusahadetail(""?pm=dznHXMDHylVOh8iJfZjOTA==&mp=Bjv3m4lcInn46OWc4jy6kQ=="",""Saryadi Puyuh"")']"
 Bibit Kates Suryono,Bibit Pepaya,47.000.000,117,2,2011,"['_pengusahadetail(""?pm=wWAwT15VJ6TyNnB43q3xkg==&mp=Bjv3m4lcInn46OWc4jy6kQ=="",""Bibit Kates Suryono"")']"
 Pembibitan Dan Pembesaran Nila Suparto,Pembibitan Nila,3.798,7.920,2,2012,"['_pengusahadetail(""?pm=f0YE9RBMaWtsRBw63LOdQQ==&mp=p1ca+Y2BZCwOZVEqm2oXjA=="",""Pembibitan Dan Pembesaran Nila Suparto"")']"
" Pembesaran Ikan Nila ""suparno""",Pembesaran Ikan Nila,2.361,7.200,1,2012,"['_pengusahadetail(""?pm=bQQ6HyJl8PDxzWLuiziMXQ==&mp=p1ca+Y2BZCwOZVEqm2oXjA=="",""Pembesaran Ikan Nila ""suparno"""")']"
 Pembibitan Ikan Nila Pak Khoirul,Pembibitan Ikan,428,4.596,3,2012,"['_pengusahadetail(""?pm=6QBXdNDJ5KNv1tgUFEH7rA==&mp=p1ca+Y2BZCwOZVEqm2oXjA=="",""Pembibitan Ikan Nila Pak Khoirul"")']"
" Budidaya Ikan Lele ""Susilo""",Budidaya Ikan Lele,7.450,17.780,1,2012,"['_pengusahadetail(""?pm=pZ7EKvC+Tuocuf6dTKIuSA==&mp=p1ca+Y2BZCwOZVEqm2oXjA=="",""Budidaya Ikan Lele ""Susilo"""")']"
" Budidaya Ikan Lele ""Bakdi Royani""",Pembesaran Lele,1.030,1.452,1,2012,"['_pengusahadetail(""?pm=z+hXroq6PHUUTKh8d5eswA==&mp=p1ca+Y2BZCwOZVEqm2oXjA=="",""Budidaya Ikan Lele ""Bakdi Royani"""")']"
" Pembesaran Nila ""Zubaidi""",Pembesaran Nila,2.679,4.955,1,2012,"['_pengusahadetail(""?pm=3cUPOvAp9Nn6eqSpf6DR0w==&mp=p1ca+Y2BZCwOZVEqm2oXjA=="",""Pembesaran Nila ""Zubaidi"""")']"
" Keramik ""Usman""",Pembuatan Keramik,580,1.980,1,2012,"['_pengusahadetail(""?pm=VFCbeNdPQ38GApmEpjQFOQ==&mp=p1ca+Y2BZCwOZVEqm2oXjA=="",""Keramik ""Usman"""")']"
" Keramik ""eko Tri""",Pembuatan Keramik,940,3.540,2,2012,"['_pengusahadetail(""?pm=DoP4nDSNVvvbAhKJyr8+Tw==&mp=p1ca+Y2BZCwOZVEqm2oXjA=="",""Keramik ""eko Tri"""")']"
" Budidaya Ikan Nila Merah ""Dulkayi""",Budidaya Ikan Nila Merah,1.170,9.510,4,2012,"['_pengusahadetail(""?pm=D8nAdAm02v8eN47eBX0k2w==&mp=p1ca+Y2BZCwOZVEqm2oXjA=="",""Budidaya Ikan Nila Merah ""Dulkayi"""")']"
 Mina Lancar,Budidaya Ikan Nila Merah,1.010,9.510,4,2012,"['_pengusahadetail(""?pm=vs11y9iCH5G0mOnDe2rm1w==&mp=p1ca+Y2BZCwOZVEqm2oXjA=="",""Mina Lancar"")']"
 Muhammad Irfan,Budidaya Jamur,56,"135,6",5,2009,"['_pengusahadetail(""?pm=8w+b8plnb1vWkpLmR9DhGw==&mp=2BbfzMJpZb2nANZ3GT30ng=="",""Muhammad Irfan"")']"
 Sri Unggul Barokah,Pertanian Sawah,64,27,5,2013,"['_pengusahadetail(""?pm=XPoSWbJieGDMb32rGws4kw==&mp=fOhzApotY5QnAtxxXvjAfA=="",""Sri Unggul Barokah"")']"
 USAHA PENGASINAN IKAN,PENGASINAN IKAN,6,126,7,2012,"['_pengusahadetail(""?pm=5Qc5L5H84II89hEgXF80Jw==&mp=p1ca+Y2BZCwOZVEqm2oXjA=="",""USAHA PENGASINAN IKAN"")']"
 Not Available,Budidaya Ikan Gurame,20,250,0,2011,"['_pengusahadetail(""?pm=zSou+5z3yD2N51IEIwxY3Q==&mp=Bjv3m4lcInn46OWc4jy6kQ=="",""Not Available"")']"
 USAHA KARTUN BEKAS,KARTON,5,30,1,2012,"['_pengusahadetail(""?pm=zMLyE6up5XeTc4XXoR5htw==&mp=p1ca+Y2BZCwOZVEqm2oXjA=="",""USAHA KARTUN BEKAS"")']"
 USAHA PENGASINAN IKAN,PENGASINAN IKAN,5,90,8,2012,"['_pengusahadetail(""?pm=A0WZDDrrvkpJL5nGYiXYFw==&mp=p1ca+Y2BZCwOZVEqm2oXjA=="",""USAHA PENGASINAN IKAN"")']"
 Usaha Pengeringan Ikan,Pengeringan Ikan,"3,5",48,2,2012,"['_pengusahadetail(""?pm=TBR4MG9V3/RnZSGrbO2kEg==&mp=p1ca+Y2BZCwOZVEqm2oXjA=="",""Usaha Pengeringan Ikan"")']"
 BERKAT,DAGANG IKAN,"75,5",36,3,2010,"['_pengusahadetail(""?pm=umK25rpEjrpZErUrCQUkXQ==&mp=JHuIBacQ7Iz+a8xx8lclUA=="",""BERKAT"")']"
 Kolam Ikan,Kolam Ikan,156,78,1,2009,"['_pengusahadetail(""?pm=Yzsh37A4dWeSWciVZiBEQQ==&mp=2BbfzMJpZb2nANZ3GT30ng=="",""Kolam Ikan"")']"
 Pabrik Penggilingan Padi,Usaha Penggilingan Padi,575,120,4,2009,"['_pengusahadetail(""?pm=CR+mg4iBsFxspyhX326jNw==&mp=2BbfzMJpZb2nANZ3GT30ng=="",""Pabrik Penggilingan Padi"")']"
 Depot Kembang 3 Bersaudara,Usaha Penjualan Tanaman,634,400,2,2010,"['_pengusahadetail(""?pm=WnjV4glmm6M8vrcqE5anBA==&mp=JHuIBacQ7Iz+a8xx8lclUA=="",""Depot Kembang 3 Bersaudara"")']"
 Depot Kembang Harapan,Usaha Penjualan Tanaman,"137,5","47,5",2,2010,"['_pengusahadetail(""?pm=h1zSqlxvyJjL1GrJTeNhVQ==&mp=JHuIBacQ7Iz+a8xx8lclUA=="",""Depot Kembang Harapan"")']"
 Petani Karet Ama Noio ,Petani Karet,88,15,1,2012,"['_pengusahadetail(""?pm=DAikxmIRioUxy05zaxwTMw==&mp=p1ca+Y2BZCwOZVEqm2oXjA=="",""Petani Karet Ama Noio "")']"
 Petani Karet Yatiria,Petani Karet,182,36,2,2012,"['_pengusahadetail(""?pm=odEBX1wy5YgbOK8+yHDsPQ==&mp=p1ca+Y2BZCwOZVEqm2oXjA=="",""Petani Karet Yatiria"")']"
 Nelayan Geliyudin,Nelayan,91,24,1,2012,"['_pengusahadetail(""?pm=vvWM2D9ZTqgocCietNUfRA==&mp=p1ca+Y2BZCwOZVEqm2oXjA=="",""Nelayan Geliyudin"")']"
 Petani Karet Basilai,Petani Karet,111,18,1,2012,"['_pengusahadetail(""?pm=TH64+6heBp0Yz2d5k1ojVA==&mp=p1ca+Y2BZCwOZVEqm2oXjA=="",""Petani Karet Basilai"")']"
 Peternak Babi Metaliaro,Peternak Babi,62,78,2,2012,"['_pengusahadetail(""?pm=2blb0U4FpQLyXitwuIrEtA==&mp=p1ca+Y2BZCwOZVEqm2oXjA=="",""Peternak Babi Metaliaro"")']"
 Petani Karet Elti,Kpetani Karet,51,26,1,2012,"['_pengusahadetail(""?pm=uqIIuZWKjRvH+NGOwbqiNA==&mp=p1ca+Y2BZCwOZVEqm2oXjA=="",""Petani Karet Elti"")']"
 Petani Karet & Peternak Babi,Petani Karet,32,20,1,2012,"['_pengusahadetail(""?pm=7Ct7paEHiam/JKGrZlNQgA==&mp=p1ca+Y2BZCwOZVEqm2oXjA=="",""Petani Karet & Peternak Babi"")']"
 Petani Petani Faroroha,Petani Padi,62,15,1,2012,"['_pengusahadetail(""?pm=KIghxD5fc45uO7JolCtXrw==&mp=p1ca+Y2BZCwOZVEqm2oXjA=="",""Petani Petani Faroroha"")']"
 Nelayan Pukat Keinsafan,Nelayan Pukat,71,50,1,2012,"['_pengusahadetail(""?pm=MNWbYh/4QPIM/T4jiJUmCQ==&mp=p1ca+Y2BZCwOZVEqm2oXjA=="",""Nelayan Pukat Keinsafan"")']"
 Petani Padi Aturai,Petani Padi,71,20,1,2012,"['_pengusahadetail(""?pm=hye0a7lzSG8Ebyubyadn5w==&mp=p1ca+Y2BZCwOZVEqm2oXjA=="",""Petani Padi Aturai"")']"
 Petani Padi Idaman,Petani Padi,66,65,1,2012,"['_pengusahadetail(""?pm=/zcdTTi3RjUOOUanaTsI6A==&mp=p1ca+Y2BZCwOZVEqm2oXjA=="",""Petani Padi Idaman"")']"
 Petani Padi Dan Nelayan,Petani Padi,50,15,1,2012,"['_pengusahadetail(""?pm=mDIJB5reS80Der51eZa4+Q==&mp=p1ca+Y2BZCwOZVEqm2oXjA=="",""Petani Padi Dan Nelayan"")']"
 Petani Padi Alfan,Petani Padi,101,16,2,2012,"['_pengusahadetail(""?pm=vP1k3/DAZKRZ2fSOIYmZoQ==&mp=p1ca+Y2BZCwOZVEqm2oXjA=="",""Petani Padi Alfan"")']"
 Peternak Babi Fainota,Peternak Babi,112,60,4,2012,"['_pengusahadetail(""?pm=HMTq3citFyEagub9lRIkEw==&mp=p1ca+Y2BZCwOZVEqm2oXjA=="",""Peternak Babi Fainota"")']"
 Petani Padi Karisman,Petani Padai ,89,40,4,2012,"['_pengusahadetail(""?pm=Pt30mIDd48XZT571uSHO6Q==&mp=p1ca+Y2BZCwOZVEqm2oXjA=="",""Petani Padi Karisman"")']"
 Petani Coklat Dan Karet Ramambawo,Petani Coklat,160,65,2,2012,"['_pengusahadetail(""?pm=SL2OzOX8+qiR2bp196U0iQ==&mp=p1ca+Y2BZCwOZVEqm2oXjA=="",""Petani Coklat Dan Karet Ramambawo"")']"
 Usaha Ayam Potong Hasanago,Usaha Ayam Potong,112,50,2,2012,"['_pengusahadetail(""?pm=TAy0GdHY6Y9B5qqhzvj4tQ==&mp=p1ca+Y2BZCwOZVEqm2oXjA=="",""Usaha Ayam Potong Hasanago"")']"
 Petani Padi & Peternak Babi,Petani Padi,156,75,15,2012,"['_pengusahadetail(""?pm=03qL+zcAgb0ndrWxV91oQA==&mp=p1ca+Y2BZCwOZVEqm2oXjA=="",""Petani Padi & Peternak Babi"")']"
 Petani Padi Remida,Petani Padi,66,20,1,2012,"['_pengusahadetail(""?pm=CXRU6Des/JKq83iYK6abzg==&mp=p1ca+Y2BZCwOZVEqm2oXjA=="",""Petani Padi Remida"")']"
 Petani Karet Rosmaini,Petani Karet,101,15,1,2012,"['_pengusahadetail(""?pm=xXNCxV1oQW8Vm9YVN4K/5g==&mp=p1ca+Y2BZCwOZVEqm2oXjA=="",""Petani Karet Rosmaini"")']"
 Petani Karet Nutini,Petani Karet,201,20,2,2012,"['_pengusahadetail(""?pm=12XOCoeEZDN/eyJQlJw1Qw==&mp=p1ca+Y2BZCwOZVEqm2oXjA=="",""Petani Karet Nutini"")']"
 Petani Padi Anolifa,Petani Padi,262,24,5,2012,"['_pengusahadetail(""?pm=xsfHQiAjvlulRteOL5M+hQ==&mp=p1ca+Y2BZCwOZVEqm2oXjA=="",""Petani Padi Anolifa"")']"
 Petani Padi Yustina,Petani Padi,367,85,10,2012,"['_pengusahadetail(""?pm=v62+nW6JIZphDX+AExkasA==&mp=p1ca+Y2BZCwOZVEqm2oXjA=="",""Petani Padi Yustina"")']"
 Petani Padi Hidayat,Petani Padi,552,45,2,2012,"['_pengusahadetail(""?pm=tIJPTTn+2HuoPJ/s/ATmcA==&mp=p1ca+Y2BZCwOZVEqm2oXjA=="",""Petani Padi Hidayat"")']"
 Petani Padi Waspada,Petani Padi,201,36,2,2012,"['_pengusahadetail(""?pm=ATWLW9gg7I2YZN79a2SyuA==&mp=p1ca+Y2BZCwOZVEqm2oXjA=="",""Petani Padi Waspada"")']"
 Nelayan Niota,Nelayan Ikan,111,28,2,2012,"['_pengusahadetail(""?pm=L0hq/svcv8iFKNpP/7U5dw==&mp=p1ca+Y2BZCwOZVEqm2oXjA=="",""Nelayan Niota"")']"
 Petani Karet Tolohi,Petani Karet,151,24,1,2012,"['_pengusahadetail(""?pm=uh4QIf5RqQ0a4l2IGME8sw==&mp=p1ca+Y2BZCwOZVEqm2oXjA=="",""Petani Karet Tolohi"")']"
 Petani Karet Tradisi,Petani Karet,51,15,2,2012,"['_pengusahadetail(""?pm=SwWxiERV0mvA2cCHZR+wHQ==&mp=p1ca+Y2BZCwOZVEqm2oXjA=="",""Petani Karet Tradisi"")']"
 Imin,Kayu Gelondongan,191,226,3,2011,"['_pengusahadetail(""?pm=s7RC8wXshGFVLPJyBKjr3g==&mp=Bjv3m4lcInn46OWc4jy6kQ=="",""Imin"")']"
 Petani Karet Rom,Petani Karet,259,26,1,2012,"['_pengusahadetail(""?pm=HjSY7dYtNDxoHslWXgbZUw==&mp=p1ca+Y2BZCwOZVEqm2oXjA=="",""Petani Karet Rom"")']"
 Petani Karet Serlin,Petani Karet,101,15,2,2012,"['_pengusahadetail(""?pm=TLPWuHoe9xCV8U+YoHdinA==&mp=p1ca+Y2BZCwOZVEqm2oXjA=="",""Petani Karet Serlin"")']"
 Petani Karet Irman,Petani Karet,302,40,1,2012,"['_pengusahadetail(""?pm=AxLpipQQ7yuOHkuula/X2Q==&mp=p1ca+Y2BZCwOZVEqm2oXjA=="",""Petani Karet Irman"")']"
 USAHA RAKYAT MEKAR ASIH,Ternak Itik,338,912,19,2011,"['_pengusahadetail(""?pm=SEwBaFjbhmUjQCBoFeqCQw==&mp=Bjv3m4lcInn46OWc4jy6kQ=="",""USAHA RAKYAT MEKAR ASIH"")']"
 Petani Padi Saota,Petani Padi,203,108,2,2012,"['_pengusahadetail(""?pm=6ldbTGfryIWFhENNWn4WXg==&mp=p1ca+Y2BZCwOZVEqm2oXjA=="",""Petani Padi Saota"")']"
 Petani Padi Sarumaha,Petani Padi,203,42,5,2012,"['_pengusahadetail(""?pm=l9V+mPYaJbDooC4c9mxnng==&mp=p1ca+Y2BZCwOZVEqm2oXjA=="",""Petani Padi Sarumaha"")']"
 Petani Padi Sudi Hati,Petani Padi,60,20,2,2012,"['_pengusahadetail(""?pm=g3G9x84+GBPDUOPHriZ6eA==&mp=p1ca+Y2BZCwOZVEqm2oXjA=="",""Petani Padi Sudi Hati"")']"
 Petani Padi Sadariang,Petani Padi,201,15,2,2012,"['_pengusahadetail(""?pm=yUIKCvCgI6b8JJRvbjxA7g==&mp=p1ca+Y2BZCwOZVEqm2oXjA=="",""Petani Padi Sadariang"")']"
 Petani Padi Zega,Petani Padi,61,16,1,2012,"['_pengusahadetail(""?pm=JMAI5UaMIuqDJpuXsfGfdw==&mp=p1ca+Y2BZCwOZVEqm2oXjA=="",""Petani Padi Zega"")']"
 Petani Padi Tasuku,Peternak Babi,64,48,2,2012,"['_pengusahadetail(""?pm=9AKw89kic7n2ygCf0HGIuA==&mp=p1ca+Y2BZCwOZVEqm2oXjA=="",""Petani Padi Tasuku"")']"
 Nelayan Tasuri,Nelayan,47,48,2,2012,"['_pengusahadetail(""?pm=HSmDhrSmC4u2ctpJikOWMA==&mp=p1ca+Y2BZCwOZVEqm2oXjA=="",""Nelayan Tasuri"")']"
 Petani Karet Adrianus,Petani Karet ,79,24,2,2012,"['_pengusahadetail(""?pm=B/9vxEo26Fmy5lx6WIJ72Q==&mp=p1ca+Y2BZCwOZVEqm2oXjA=="",""Petani Karet Adrianus"")']"
 Petani Karet Bajisakhi,Petani Karet ,105,18,4,2012,"['_pengusahadetail(""?pm=dnU+CioiMW3kIkSS6KyFig==&mp=p1ca+Y2BZCwOZVEqm2oXjA=="",""Petani Karet Bajisakhi"")']"
 Petani Karet Bazrotei ,Petani Karet,106,35,1,2012,"['_pengusahadetail(""?pm=zpj/Mj44Xeg9WeII2cSF/g==&mp=p1ca+Y2BZCwOZVEqm2oXjA=="",""Petani Karet Bazrotei "")']"
 Petani Karet Risima Bali,Petani Karet,52,19,1,2012,"['_pengusahadetail(""?pm=sUXZJvBOWnAVOXRVOIrknA==&mp=p1ca+Y2BZCwOZVEqm2oXjA=="",""Petani Karet Risima Bali"")']"
 Petani Karet Sinura,Petani Karet,80,22,1,2012,"['_pengusahadetail(""?pm=w6Hl2BqbTg2fR8mJSRlu3Q==&mp=p1ca+Y2BZCwOZVEqm2oXjA=="",""Petani Karet Sinura"")']"
 Petani Padi Nasib Murni,Petani Padi,33,20,1,2012,"['_pengusahadetail(""?pm=o9ox3asJi41BzF/lO3rO6Q==&mp=p1ca+Y2BZCwOZVEqm2oXjA=="",""Petani Padi Nasib Murni"")']"
 Petani Padi Sarumaha,Petani Padi,35,54,1,2012,"['_pengusahadetail(""?pm=+bFvf0HzsAWkh262rkGibg==&mp=p1ca+Y2BZCwOZVEqm2oXjA=="",""Petani Padi Sarumaha"")']"
 Petani Karet Daligolo,Petani Karet,89,44,1,2012,"['_pengusahadetail(""?pm=vOVfMLXjTjcbmh3ffPBFhw==&mp=p1ca+Y2BZCwOZVEqm2oXjA=="",""Petani Karet Daligolo"")']"
 Petani Karet Namikasi,Petani Karet,64,42,1,2012,"['_pengusahadetail(""?pm=c625XXTg20ER2XzDsMxITg==&mp=p1ca+Y2BZCwOZVEqm2oXjA=="",""Petani Karet Namikasi"")']"
 Peternak Babi Sedih Hati,Peternak Babi,25,26,1,2012,"['_pengusahadetail(""?pm=5BmuT9w8bdadXWnwJwCozw==&mp=p1ca+Y2BZCwOZVEqm2oXjA=="",""Peternak Babi Sedih Hati"")']"
 Nelayan Eli Yakin,Nelayan,32,62,1,2012,"['_pengusahadetail(""?pm=+pF0WEFbHsTKVg1GMCee8A==&mp=p1ca+Y2BZCwOZVEqm2oXjA=="",""Nelayan Eli Yakin"")']"
 Nelayan Bajo,Nelayan,37,46,1,2012,"['_pengusahadetail(""?pm=u7GuNeBJx3Lp48u8ShYuVw==&mp=p1ca+Y2BZCwOZVEqm2oXjA=="",""Nelayan Bajo"")']"
 Kolam Mujaer Dotamana,Kolam Mujaer Dotamana,0,0,4,2012,"['_pengusahadetail(""?pm=gaaE17syPOR5BFwsiavWHg==&mp=p1ca+Y2BZCwOZVEqm2oXjA=="",""Kolam Mujaer Dotamana"")']"
 Taruna Budaya-Ternak,Ternak+jamur,"4,25",53,30,2012,"['_pengusahadetail(""?pm=FolKfpxHEfpZDAeLROzpmA==&mp=p1ca+Y2BZCwOZVEqm2oXjA=="",""Taruna Budaya-Ternak"")']"
 Warung Kopi,Warung Kopi,"27,25","33,75",2,2009,"['_pengusahadetail(""?pm=WzbWQcWyXpHuege9yfzFCw==&mp=2BbfzMJpZb2nANZ3GT30ng=="",""Warung Kopi"")']"
 Siti Naimah,Penyembelihan Sapi,685,4.000,4,2009,"['_pengusahadetail(""?pm=neS1e7A9+z0wi1A0WCYjIQ==&mp=2BbfzMJpZb2nANZ3GT30ng=="",""Siti Naimah"")']"
 Abdul Malik,"Jelly "" Lidah Buaya ""","122,81","69,12",3,2009,"['_pengusahadetail(""?pm=YURfZcuBCQapHigoKdrS0w==&mp=2BbfzMJpZb2nANZ3GT30ng=="",""Abdul Malik"")']"
 Yulita Surati,Sambal Pecel,93,210,5,2009,"['_pengusahadetail(""?pm=y0akt9aCRnBmq8kkdJfzsw==&mp=2BbfzMJpZb2nANZ3GT30ng=="",""Yulita Surati"")']"
 Juri Harsono,Pakan Ternak,"135,7",456,5,2009,"['_pengusahadetail(""?pm=IuIxLSDbVgssd+jafBN6Fw==&mp=2BbfzMJpZb2nANZ3GT30ng=="",""Juri Harsono"")']"
 Indana Mardatilla,Pembibitan Anggrek,"44,55",240,2,2009,"['_pengusahadetail(""?pm=5by1kHiSH0X2fBcT64tIiw==&mp=2BbfzMJpZb2nANZ3GT30ng=="",""Indana Mardatilla"")']"
 Nur Rokim,Krecek Krupuk,"275,28","102,4",12,2009,"['_pengusahadetail(""?pm=iWz8imGBw81btBKhrH31aQ==&mp=2BbfzMJpZb2nANZ3GT30ng=="",""Nur Rokim"")']"
 Ternak Itik,Ternak Itik,99,86,4,2009,"['_pengusahadetail(""?pm=W6YiTo9NvEwjt8FAbcRDtA==&mp=2BbfzMJpZb2nANZ3GT30ng=="",""Ternak Itik"")']"
 Usaha Bersama,Ternak Ayam,"84,31",600,12,2012,"['_pengusahadetail(""?pm=dvpYgcR5exR113a5dNQj5Q==&mp=p1ca+Y2BZCwOZVEqm2oXjA=="",""Usaha Bersama"")']"
 PENGUSAHA BUNGA,FLOWER,110,280,3,2012,"['_pengusahadetail(""?pm=vPjtjkJ0I+nHQuHsLiuMWg==&mp=p1ca+Y2BZCwOZVEqm2oXjA=="",""PENGUSAHA BUNGA"")']"
 RUDIANTO,PADI,70,192,6,2011,"['_pengusahadetail(""?pm=kgO2V5CocsgXZADwq2QGrw==&mp=Bjv3m4lcInn46OWc4jy6kQ=="",""RUDIANTO"")']"
 RAFASAH,PERTANIAN,118,30,3,2011,"['_pengusahadetail(""?pm=ASKfBlBamWAzkZVI7/p8JQ==&mp=Bjv3m4lcInn46OWc4jy6kQ=="",""RAFASAH"")']"
 SUYANTO. W,PETANI SAWIT,63,18,1,2011,"['_pengusahadetail(""?pm=Fjup/rtc5FI7omBqRLwV7Q==&mp=Bjv3m4lcInn46OWc4jy6kQ=="",""SUYANTO. W"")']"
 SAIMAN,PETERNAKAN,67,36,2,2011,"['_pengusahadetail(""?pm=Zd6YtqRZfwUf3JjdfM4IVQ==&mp=Bjv3m4lcInn46OWc4jy6kQ=="",""SAIMAN"")']"
 TG. DARWAN,PERKEBUNAN,75,27,1,2011,"['_pengusahadetail(""?pm=C5Te4WakJxgnBQYuuuk5zg==&mp=Bjv3m4lcInn46OWc4jy6kQ=="",""TG. DARWAN"")']"
 SURATNO,PERKEBUNAN,132,36,3,2011,"['_pengusahadetail(""?pm=Lp6Mk4LpGqK7FCHPRW8qgA==&mp=Bjv3m4lcInn46OWc4jy6kQ=="",""SURATNO"")']"
 SALAMUN,PERIKANAN,117,26,2,2011,"['_pengusahadetail(""?pm=/BzefVlB71q02CeKmRaB6Q==&mp=Bjv3m4lcInn46OWc4jy6kQ=="",""SALAMUN"")']"
 PONISA,PERTANIAN ,67,16,2,2011,"['_pengusahadetail(""?pm=gb1lrYNHNGC62lH2rVt6mw==&mp=Bjv3m4lcInn46OWc4jy6kQ=="",""PONISA"")']"
 SAMPIRNO,PETERNAKAN,55,19,1,2011,"['_pengusahadetail(""?pm=Hb7txaVXmLj/B2NSw51+uQ==&mp=Bjv3m4lcInn46OWc4jy6kQ=="",""SAMPIRNO"")']"
 BIBIT,PERIKANAN,54,72,3,2011,"['_pengusahadetail(""?pm=LN83fmoFWkgIMknuQQfM/A==&mp=Bjv3m4lcInn46OWc4jy6kQ=="",""BIBIT"")']"
 SARWAN,PETANI,188,9,5,2011,"['_pengusahadetail(""?pm=aE+FQ22pnQ/f7Do/4+4hfg==&mp=Bjv3m4lcInn46OWc4jy6kQ=="",""SARWAN"")']"
 SUAMANO,PERKEBUNAN,32,20,1,2011,"['_pengusahadetail(""?pm=l3Q7DWVvvUYficaTYDTygw==&mp=Bjv3m4lcInn46OWc4jy6kQ=="",""SUAMANO"")']"
 JUNAIDI,PETANI,27,11,1,2011,"['_pengusahadetail(""?pm=cL/MkTADe25xHSyO8tPHuA==&mp=Bjv3m4lcInn46OWc4jy6kQ=="",""JUNAIDI"")']"
 YUSDI,KERAMBA,9,144,1,2011,"['_pengusahadetail(""?pm=zLHpXt5tq1BRf1KUdUZ5GA==&mp=Bjv3m4lcInn46OWc4jy6kQ=="",""YUSDI"")']"
 PONIRAN,PERIKANAN,68,0,2,2011,"['_pengusahadetail(""?pm=pu899qcxJK35okVgNd4/qQ==&mp=Bjv3m4lcInn46OWc4jy6kQ=="",""PONIRAN"")']"
 UNTUNG,PERKEBUNAN,82,7,1,2011,"['_pengusahadetail(""?pm=a9BPDMEcUrKp2bO0EwCmHg==&mp=Bjv3m4lcInn46OWc4jy6kQ=="",""UNTUNG"")']"
 BAYU SEPAKAT,PENANGKAR BIBIT KARET,34,13,2,2011,"['_pengusahadetail(""?pm=/IRDLK1wIQE4fzSuntP2VA==&mp=Bjv3m4lcInn46OWc4jy6kQ=="",""BAYU SEPAKAT"")']"
 SLAMAT,PENGUMPUL SAWIT,279,2.117,4,2011,"['_pengusahadetail(""?pm=cGTCf+iEXbcTUAzKxihyVA==&mp=Bjv3m4lcInn46OWc4jy6kQ=="",""SLAMAT"")']"
 RUSMINI,PETANI PADI,123,60,3,2011,"['_pengusahadetail(""?pm=P40cllRsEwrpHrZduw0e5g==&mp=Bjv3m4lcInn46OWc4jy6kQ=="",""RUSMINI"")']"
 JONI AFRIZAL,KERAMBA,10,120,1,2011,"['_pengusahadetail(""?pm=lv91cYcQxWy15TOGggJjyw==&mp=Bjv3m4lcInn46OWc4jy6kQ=="",""JONI AFRIZAL"")']"
 YULIDAR,TERNAK LEMBU,121,67,1,2011,"['_pengusahadetail(""?pm=vUcNLeluNdOVhKP3M9aPkQ==&mp=Bjv3m4lcInn46OWc4jy6kQ=="",""YULIDAR"")']"
 ZULKIFLI,KERAMBA,16,120,1,2011,"['_pengusahadetail(""?pm=VlDVBNeQyXNIBzn9HM61/A==&mp=Bjv3m4lcInn46OWc4jy6kQ=="",""ZULKIFLI"")']"
 Syafruddin,Kebun Sawit,75,26,3,2011,"['_pengusahadetail(""?pm=njS+IZ6rQKHrnpgIW+Kikg==&mp=Bjv3m4lcInn46OWc4jy6kQ=="",""Syafruddin"")']"
 Abdul Latif,Lembu,51,300,1,2011,"['_pengusahadetail(""?pm=2Qr/0YHGfJaKzf5BSmbamg==&mp=Bjv3m4lcInn46OWc4jy6kQ=="",""Abdul Latif"")']"
 Kolam Pancing Wisata,Budidaya Ikan,873,26,13,2011,"['_pengusahadetail(""?pm=tEHbkU1NOS7DiSRSsrs7QQ==&mp=Bjv3m4lcInn46OWc4jy6kQ=="",""Kolam Pancing Wisata"")']"
 Darfit,Kambing & Ayam,77,64,1,2011,"['_pengusahadetail(""?pm=SEreaHWFeQutwEa9KgX3yg==&mp=Bjv3m4lcInn46OWc4jy6kQ=="",""Darfit"")']"
 KOPRA SAMAN,Koprah,"20,5","86,4",5,2011,"['_pengusahadetail(""?pm=tq2zUWvCwpDxBRJd96LByw==&mp=Bjv3m4lcInn46OWc4jy6kQ=="",""KOPRA SAMAN"")']"
 PERTANIAN PADI/SAYUR MAYUR,Tani,45,72,10,2011,"['_pengusahadetail(""?pm=XcEqGYSsNwnjoUaXJhGT3Q==&mp=Bjv3m4lcInn46OWc4jy6kQ=="",""PERTANIAN PADI/SAYUR MAYUR"")']"
 John Ripuasaa,Pedagang,10,"133,75",1,2011,"['_pengusahadetail(""?pm=5vcpeT+gRRglVRffyJ+79Q==&mp=Bjv3m4lcInn46OWc4jy6kQ=="",""John Ripuasaa"")']"
 Petani Karet Lukas,Petani Karet,189,36,1,2012,"['_pengusahadetail(""?pm=1xHSJ3+PktoMpn+NgMoqLA==&mp=p1ca+Y2BZCwOZVEqm2oXjA=="",""Petani Karet Lukas"")']"
 Maritje Ferdinandus,Perdagangan,8,"133,75",1,2011,"['_pengusahadetail(""?pm=7sAi8wVmwhk9wSDuG/+42A==&mp=Bjv3m4lcInn46OWc4jy6kQ=="",""Maritje Ferdinandus"")']"
" Jamur Tiram "" Waryanto """,Budidaya Jamur Tiram,8.040.000,"15,12",0,2011,"['_pengusahadetail(""?pm=o8zb2v2AqR/1lRRr3Y3wMg==&mp=Bjv3m4lcInn46OWc4jy6kQ=="",""Jamur Tiram "" Waryanto """")']"
 Usaha Pembibitan Pepaya Bp. Suwadi,Pembibitan Pepaya,53.300.000,6,1,2011,"['_pengusahadetail(""?pm=afAijuU0UG2o/fHMnSP0bQ==&mp=Bjv3m4lcInn46OWc4jy6kQ=="",""Usaha Pembibitan Pepaya Bp. Suwadi"")']"
 Usaha Peternakan Sapi Perah Bp. Sartono,Ternak Sapi Perah,229.500.000,"39,36",1,2011,"['_pengusahadetail(""?pm=8vWGAL6cpVNNZMbTZXwVuQ==&mp=Bjv3m4lcInn46OWc4jy6kQ=="",""Usaha Peternakan Sapi Perah Bp. Sartono"")']"
 BIBIT KOPI,BIBIT KOPI,153,160,1,2013,"['_pengusahadetail(""?pm=RhVF4Ij1aoL12wNn/oqXNw==&mp=fOhzApotY5QnAtxxXvjAfA=="",""BIBIT KOPI"")']"
 KOPI,PERTANIAN,10.850,260,1,2013,"['_pengusahadetail(""?pm=w1QWZ6oCmqVKo2JABMqShw==&mp=fOhzApotY5QnAtxxXvjAfA=="",""KOPI"")']"
 TEMBAKAU,TEMBAKAU,140.100.000,96.000,2,2013,"['_pengusahadetail(""?pm=j13Z/RH86M+rRJfCHEFoYA==&mp=fOhzApotY5QnAtxxXvjAfA=="",""TEMBAKAU"")']"
 KEBUN KOPI,"KOPI,KOL,SENGON",200.600.000,60.000,3,2013,"['_pengusahadetail(""?pm=uIksPzR7S9/O4jv2b4Hwuw==&mp=fOhzApotY5QnAtxxXvjAfA=="",""KEBUN KOPI"")']"
 KERAMBAH APUNG,KERAMBAH APUNG,100,20.400,1,2013,"['_pengusahadetail(""?pm=95GNFZqmX2AhK4EVz82a/w==&mp=fOhzApotY5QnAtxxXvjAfA=="",""KERAMBAH APUNG"")']"
 KEBUN UBI JALAR,UBI JALAR,12.550,3.160,2,2013,"['_pengusahadetail(""?pm=ZwIvdgFfm92M5rlhZPywaQ==&mp=fOhzApotY5QnAtxxXvjAfA=="",""KEBUN UBI JALAR"")']"
 USAHA JAGUNG,JAGUNG,5.300.000,68.000,1,2013,"['_pengusahadetail(""?pm=Vu6vV+6S+xTKa2tsUr+cqg==&mp=fOhzApotY5QnAtxxXvjAfA=="",""USAHA JAGUNG"")']"
 GULA MERAH,KEBUN TEBU,23.000.000,420.000.000,5,2013,"['_pengusahadetail(""?pm=n7PP4sYAFbAd/5u2e/WuuQ==&mp=fOhzApotY5QnAtxxXvjAfA=="",""GULA MERAH"")']"
 KEBUN NENAS,KEBUN NENAS,9.100,1.280,6,2013,"['_pengusahadetail(""?pm=1K6JxUyD/xIvmN6R2G95uQ==&mp=fOhzApotY5QnAtxxXvjAfA=="",""KEBUN NENAS"")']"
 Lesye Saknosiwi,Berdagang Ikan,30,"148,75",1,2011,"['_pengusahadetail(""?pm=DriWxYVhU2QNWMNEHIJ0ZA==&mp=Bjv3m4lcInn46OWc4jy6kQ=="",""Lesye Saknosiwi"")']"
 Roska Nahumury,Pedagang Ikan,"12,5","148,75",1,2011,"['_pengusahadetail(""?pm=rFnsjtF80hQQp6aKenV18Q==&mp=Bjv3m4lcInn46OWc4jy6kQ=="",""Roska Nahumury"")']"
 Friska,Nelayan,162,285,28,2011,"['_pengusahadetail(""?pm=zkP2kGEPKZiF+uww8EXClg==&mp=Bjv3m4lcInn46OWc4jy6kQ=="",""Friska"")']"
 NELAYAN PAMBOT,NELAYAN,35,124,2,2012,"['_pengusahadetail(""?pm=F+FM8su91cRKvWit4y00Og==&mp=p1ca+Y2BZCwOZVEqm2oXjA=="",""NELAYAN PAMBOT"")']"
 PETERNAKAN ITIK,PETERNAKAN ITIK,"25,8",36,7,2011,"['_pengusahadetail(""?pm=ah6hIFltJH1vS/D2e3Rkqw==&mp=Bjv3m4lcInn46OWc4jy6kQ=="",""PETERNAKAN ITIK"")']"
 TERNAK BEBEK RAHMATULLAH,Ternak Bebek,46,"60,48",2,2011,"['_pengusahadetail(""?pm=BQTO3j9R9XWj09rLhscS6g==&mp=Bjv3m4lcInn46OWc4jy6kQ=="",""TERNAK BEBEK RAHMATULLAH"")']"
 PENETASAN ITIK,Penetasan Telur Bebek,"60,3","57,96",1,2011,"['_pengusahadetail(""?pm=kYIWJlyw6f2ZqQUrNQxjMg==&mp=Bjv3m4lcInn46OWc4jy6kQ=="",""PENETASAN ITIK"")']"
 BAROKAH,Ternak Bebek,"23,5",18,4,2011,"['_pengusahadetail(""?pm=efHz7DM6LaC3Wu3RwzXK2A==&mp=Bjv3m4lcInn46OWc4jy6kQ=="",""BAROKAH"")']"
 Wahyu Jamur,Budidaya Jamur Merang,16.250.000,"33,6",1,2011,"['_pengusahadetail(""?pm=DrepRHj0A58XglmL5scbrg==&mp=Bjv3m4lcInn46OWc4jy6kQ=="",""Wahyu Jamur"")']"
 PETERNAK SAPI,TERNAK SAPI,240.000,180.000,2,2013,"['_pengusahadetail(""?pm=St5LoWuewn7ZOJPH+gcGPw==&mp=fOhzApotY5QnAtxxXvjAfA=="",""PETERNAK SAPI"")']"
 PETANI KOPI,PETANI KOPI,82.200.000,20.000.000,5,2013,"['_pengusahadetail(""?pm=Lt6XAwuMSdphBzRGiJ/1sA==&mp=fOhzApotY5QnAtxxXvjAfA=="",""PETANI KOPI"")']"
 KEBUN JERUK,TANI JERUK,78.200.000,18.000,2,2013,"['_pengusahadetail(""?pm=AfNYg7CTVkdz/tDvdK0BbQ==&mp=fOhzApotY5QnAtxxXvjAfA=="",""KEBUN JERUK"")']"
 KEBUN KOPI,KEBUN KOPI,21.020,5.200,2,2013,"['_pengusahadetail(""?pm=anP0cjzWa0ETvBIzru/Axw==&mp=fOhzApotY5QnAtxxXvjAfA=="",""KEBUN KOPI"")']"
 Petani Sayuran,Bertani Sayur,167,144,2,2010,"['_pengusahadetail(""?pm=MLR5jWNjgnMVfGZf3Va7Ww==&mp=JHuIBacQ7Iz+a8xx8lclUA=="",""Petani Sayuran"")']"
 Ternak Ikan Lele M.Yusuf,Ternak Ikan Lele,36,38,4,2013,"['_pengusahadetail(""?pm=NRvZbD8ATqKaSd+SEdJPIA==&mp=fOhzApotY5QnAtxxXvjAfA=="",""Ternak Ikan Lele M.Yusuf"")']"
 PAMBOT TWO BROTHERS,NELAYAN,34,124,1,2012,"['_pengusahadetail(""?pm=et9GF+6wo84uUcL45NrXdw==&mp=p1ca+Y2BZCwOZVEqm2oXjA=="",""PAMBOT TWO BROTHERS"")']"
 KARYA BAKTI JAMUR,Jamur Tiram,"14,47","16,2",4,2011,"['_pengusahadetail(""?pm=wksi8V8nGXQTN/Hg+GzH4w==&mp=Bjv3m4lcInn46OWc4jy6kQ=="",""KARYA BAKTI JAMUR"")']"
 Usaha Ternak Kambing Pak Muji,Pengiriman Kambing,"83,3","33,25",13,2011,"['_pengusahadetail(""?pm=N6TRxKiJlo5Ef5wa5TGMww==&mp=Bjv3m4lcInn46OWc4jy6kQ=="",""Usaha Ternak Kambing Pak Muji"")']"
 NURI HORTI,HORTIKULTURA,1.492,360,7,2011,"['_pengusahadetail(""?pm=DRwjNg5eAaaujp/6u+wnbg==&mp=Bjv3m4lcInn46OWc4jy6kQ=="",""NURI HORTI"")']"
 Peternakan Puyuh,Peternakan Puyuh,268,180,2,2011,"['_pengusahadetail(""?pm=uUrI/mfBAZF9X1LKOiq7TA==&mp=Bjv3m4lcInn46OWc4jy6kQ=="",""Peternakan Puyuh"")']"
 Afrizal,Tani Tembakau,"32,5","20,75",1,2009,"['_pengusahadetail(""?pm=SdyUiLNXA9OPh3Fb6aogLA==&mp=2BbfzMJpZb2nANZ3GT30ng=="",""Afrizal"")']"
 BAROKAH,Ternak Itik,235,471,9,2011,"['_pengusahadetail(""?pm=QoPPsE8nArKYkSAqAIyy9w==&mp=Bjv3m4lcInn46OWc4jy6kQ=="",""BAROKAH"")']"
 Karsun,Penjualan ,98,445,1,2011,"['_pengusahadetail(""?pm=FsUSVqUZwSNnUF/BZwqD+w==&mp=Bjv3m4lcInn46OWc4jy6kQ=="",""Karsun"")']"
 Yono,Perdagangan Ikan,87,317,1,2011,"['_pengusahadetail(""?pm=2DBrfUZ8Hshzn4BJgONstw==&mp=Bjv3m4lcInn46OWc4jy6kQ=="",""Yono"")']"
 Lili,Perikanan,29,19,1,2011,"['_pengusahadetail(""?pm=a3xv7Um/6aHaKkRSyA981w==&mp=Bjv3m4lcInn46OWc4jy6kQ=="",""Lili"")']"
 The Victory,Ternak Ayam Potong,77,480,1,2012,"['_pengusahadetail(""?pm=oVwYXKY3YRmbqN62nIxvYA==&mp=p1ca+Y2BZCwOZVEqm2oXjA=="",""The Victory"")']"
 ASRI FLORIST,Bunga,"25,9",100,2,2011,"['_pengusahadetail(""?pm=uOnkcVq01om0o4Et6d4LQg==&mp=Bjv3m4lcInn46OWc4jy6kQ=="",""ASRI FLORIST"")']"
 Peternakan Itik,Peternakan Itik,44.000.000,266.875.000,4,2012,"['_pengusahadetail(""?pm=VNthk4cA2FJbOIo2iuBJGg==&mp=p1ca+Y2BZCwOZVEqm2oXjA=="",""Peternakan Itik"")']"
 Aneka Unggas,"Pakan Ternak, Puyuh, Ayam Dan Itik",2.213.000.000,48.000.000,3,2012,"['_pengusahadetail(""?pm=SxlgOi1jHPTidIg1a/KArg==&mp=p1ca+Y2BZCwOZVEqm2oXjA=="",""Aneka Unggas"")']"
 PENJUAL SAPI GDE SUDIASE,JUAL SAPI,91,196,2,2013,"['_pengusahadetail(""?pm=p4JM5XcO+QUGHCN8VepLnA==&mp=fOhzApotY5QnAtxxXvjAfA=="",""PENJUAL SAPI GDE SUDIASE"")']"
 SUDIRMAN,JUAL AYAM BANGKOK,26,51,3,2013,"['_pengusahadetail(""?pm=28IhvfB6ICZ6+UpkZwbbAg==&mp=fOhzApotY5QnAtxxXvjAfA=="",""SUDIRMAN"")']"
 PENAMPUNGAN HASIL BUMI DOMINGGUS ,JUAL BELI KOMODITI HASIL BUMI ,214,3.432,7,2012,"['_pengusahadetail(""?pm=0HPdoDLRoxq58linyXCiEA==&mp=p1ca+Y2BZCwOZVEqm2oXjA=="",""PENAMPUNGAN HASIL BUMI DOMINGGUS "")']"
 PAMBOT TOLHAM,NELAYAN,135,80,1,2012,"['_pengusahadetail(""?pm=V+IYIrniZx6cRDetFT5rQQ==&mp=p1ca+Y2BZCwOZVEqm2oXjA=="",""PAMBOT TOLHAM"")']"
 Tuah Bintan Stand Bu Ida,null,0,0,3,2012,"['_pengusahadetail(""?pm=sd7H8zs1JwcH9OK/NhaZjg==&mp=p1ca+Y2BZCwOZVEqm2oXjA=="",""Tuah Bintan Stand Bu Ida"")']"
 I Water,Depot Air,0,0,2,2012,"['_pengusahadetail(""?pm=A/1W9+3/Un/7PBlPGl9htg==&mp=p1ca+Y2BZCwOZVEqm2oXjA=="",""I Water"")']"
 TOKO SRI WIJAYA,Beras Dan Sayuran,89,600,3,2011,"['_pengusahadetail(""?pm=NlDG+tr8uWSJBncTyO62YA==&mp=Bjv3m4lcInn46OWc4jy6kQ=="",""TOKO SRI WIJAYA"")']"
 WARUNG NURDIN,Kelapa,11,148,2,2011,"['_pengusahadetail(""?pm=O09U8QKrQ/M2Ko0vEaGksA==&mp=Bjv3m4lcInn46OWc4jy6kQ=="",""WARUNG NURDIN"")']"
 WARUNG IBU KIBTIYAH,SAYUR MAYUR,"11,9","115,2",1,2012,"['_pengusahadetail(""?pm=l6L+jSdkCVRs4PCjgMUY3A==&mp=p1ca+Y2BZCwOZVEqm2oXjA=="",""WARUNG IBU KIBTIYAH"")']"
 Ternak Ikan,Ikan Mas,98,"43,5",2,2012,"['_pengusahadetail(""?pm=wvikceCfJvbg7F0kGqPtEA==&mp=p1ca+Y2BZCwOZVEqm2oXjA=="",""Ternak Ikan"")']"
 Bibit Ikan,Bibit Lele,99,"43,2",1,2012,"['_pengusahadetail(""?pm=tOCr2VXlDABcYyZTmpgTcA==&mp=p1ca+Y2BZCwOZVEqm2oXjA=="",""Bibit Ikan"")']"
 Usaha Jual Ikan,Jual Ikan,"26,3",82,1,2012,"['_pengusahadetail(""?pm=CHdZGY1lvdHXB2Sklb9UHA==&mp=p1ca+Y2BZCwOZVEqm2oXjA=="",""Usaha Jual Ikan"")']"
 Pengepul Ikan,Pemborong Ikan,"17,05",15,2,2014,"['_pengusahadetail(""?pm=NyjHUfLosfE2B2mpuiXOTA==&mp=xI6rAeQkygTAn3Z625IGLg=="",""Pengepul Ikan"")']"
 Valentinus Bineka,Peternakan Ayam,"68,7",21,10,2014,"['_pengusahadetail(""?pm=pVxWoyzw1K962uuroCrTZQ==&mp=xI6rAeQkygTAn3Z625IGLg=="",""Valentinus Bineka"")']"
 Barokah Jaya,Pengecer Kayu,285,30,1,2014,"['_pengusahadetail(""?pm=AmEx0CB0hY+Uy5isFYbSWA==&mp=xI6rAeQkygTAn3Z625IGLg=="",""Barokah Jaya"")']"
 Toko Buah Bahar,Buah Semangka,"14,98",126,2,2014,"['_pengusahadetail(""?pm=Zrgj3eC/x/3/G1jx+2lsEA==&mp=xI6rAeQkygTAn3Z625IGLg=="",""Toko Buah Bahar"")']"
 Fish Shop,Usaha Dagang Ikan Hias,"14,37",12,1,2014,"['_pengusahadetail(""?pm=1VqrXRNJjepzSlBbaBZ/UA==&mp=xI6rAeQkygTAn3Z625IGLg=="",""Fish Shop"")']"
 Petani Kangkung Panijan,Petani Kangkung,19,15,3,2014,"['_pengusahadetail(""?pm=ti0OCb7VDoHagCCSrytCmQ==&mp=xI6rAeQkygTAn3Z625IGLg=="",""Petani Kangkung Panijan"")']"
 Perkebunan Timun,Perkebunan Timun,36,9,3,2014,"['_pengusahadetail(""?pm=iLyMasDsJrLvEMWchQC9AA==&mp=xI6rAeQkygTAn3Z625IGLg=="",""Perkebunan Timun"")']"
 Amplang Blitar,Amplang Blitar,"71,5",60,3,2014,"['_pengusahadetail(""?pm=rjoizvPnwBFrInEOmzGGCg==&mp=xI6rAeQkygTAn3Z625IGLg=="",""Amplang Blitar"")']"
 Ikan Lele,Ikan Lele,"372,5",70,3,2014,"['_pengusahadetail(""?pm=X7co7tw962rX09FYTGFZww==&mp=xI6rAeQkygTAn3Z625IGLg=="",""Ikan Lele"")']"
 Peternak Bebek ,Ternak Itik ,"181,5",180,2,2014,"['_pengusahadetail(""?pm=osow41O4bjstwPGtJNMoaw==&mp=xI6rAeQkygTAn3Z625IGLg=="",""Peternak Bebek "")']"
 Peternak Ikan Bawal,Peternak Ikan Bawal,179,"13,99",3,2014,"['_pengusahadetail(""?pm=Ypey1wvTW7Dxo4AH1khn0A==&mp=xI6rAeQkygTAn3Z625IGLg=="",""Peternak Ikan Bawal"")']"
 Sawit Rita,Sawit,"171,5",10,2,2014,"['_pengusahadetail(""?pm=aLNK2BimaG5gM+gCWWXS8w==&mp=xI6rAeQkygTAn3Z625IGLg=="",""Sawit Rita"")']"
 Jamur Tiram Bapak Sujo,Jamur Tiram Putih,72,49,5,2013,"['_pengusahadetail(""?pm=MSC0/kuY7lJToJyzDGlQ+A==&mp=fOhzApotY5QnAtxxXvjAfA=="",""Jamur Tiram Bapak Sujo"")']"
 NA,Peternakan Babi,22,176,2,2011,"['_pengusahadetail(""?pm=SkDXQNIB2xIODghJKy4nbA==&mp=Bjv3m4lcInn46OWc4jy6kQ=="",""NA"")']"
 UD Usaha Tani,Bibit Tanaman,395,250,10,2012,"['_pengusahadetail(""?pm=MZwK8MxMo25W9diH4/ZCeA==&mp=p1ca+Y2BZCwOZVEqm2oXjA=="",""UD Usaha Tani"")']"
 Kebun Bengkoang Dan Kacang Panjang,Bengkoang,13,402,12,2012,"['_pengusahadetail(""?pm=PkfKI5UErkBEkyizF7P8RQ==&mp=p1ca+Y2BZCwOZVEqm2oXjA=="",""Kebun Bengkoang Dan Kacang Panjang"")']"
 Kebun Pepaya Slamet Riyanto,Pepaya,19,314,5,2012,"['_pengusahadetail(""?pm=UZjf+3Nc5mJ3iiC6okNRnQ==&mp=p1ca+Y2BZCwOZVEqm2oXjA=="",""Kebun Pepaya Slamet Riyanto"")']"
 Warung Maimunah,Toko Kelontongan,"67,15",144,0,2012,"['_pengusahadetail(""?pm=cKrRdErEUQV/FY/rYnIdnw==&mp=p1ca+Y2BZCwOZVEqm2oXjA=="",""Warung Maimunah"")']"
 Bandrek Seran,Bandrek,0,0,1,2012,"['_pengusahadetail(""?pm=6qSIXAe2FXHSkx4JaHGCig==&mp=p1ca+Y2BZCwOZVEqm2oXjA=="",""Bandrek Seran"")']"
 Pulanglah Uda,Ternak Sapi,1.070,4.640,3,2009,"['_pengusahadetail(""?pm=y8mPTr1nKoFBhoDoCwoC/g==&mp=2BbfzMJpZb2nANZ3GT30ng=="",""Pulanglah Uda"")']"
 Usaha Tambak Ikan,Tambak Ikan,"131,5","7,6",2,2009,"['_pengusahadetail(""?pm=69GFyG3tHFCUA9AC6Oea8A==&mp=2BbfzMJpZb2nANZ3GT30ng=="",""Usaha Tambak Ikan"")']"
 Kolam Pancing Amir Khan,Kolam Pancing,345,48,1,2014,"['_pengusahadetail(""?pm=zWbDfN00lCBQI3YfvJIGWg==&mp=xI6rAeQkygTAn3Z625IGLg=="",""Kolam Pancing Amir Khan"")']"
 Jennah Ikan Asin,Produksi Ikan Asin,"60,85","9,5",3,2014,"['_pengusahadetail(""?pm=Xff5i7/pkokJGK9ZzH2oDg==&mp=xI6rAeQkygTAn3Z625IGLg=="",""Jennah Ikan Asin"")']"
 Petani Astuti,Petani Cabe,"53,5",18,2,2014,"['_pengusahadetail(""?pm=aDelWC1w7tg1Zt/vRWxbiQ==&mp=xI6rAeQkygTAn3Z625IGLg=="",""Petani Astuti"")']"
 Naimah Ikan Asin,Produksi Ikan Asin,"28,47","5,9",1,2014,"['_pengusahadetail(""?pm=LNTCwrx7duPolSpHLtx9NA==&mp=xI6rAeQkygTAn3Z625IGLg=="",""Naimah Ikan Asin"")']"
 Usaha Sagu,Sagu,"106,8",18,3,2012,"['_pengusahadetail(""?pm=PrMJTTmqR/vr+Q1JlhrXpg==&mp=p1ca+Y2BZCwOZVEqm2oXjA=="",""Usaha Sagu"")']"
 Petani Kangkung,Perkerbunan Kangkung,"23,75",27,2,2014,"['_pengusahadetail(""?pm=N7zXc+8btApmMZSVKmnMXQ==&mp=xI6rAeQkygTAn3Z625IGLg=="",""Petani Kangkung"")']"
 Perkebunan Terong,Perkebunan Terong,"27,6","13,5",2,2014,"['_pengusahadetail(""?pm=pUMJFxcIgJXD+QEmmGxIQA==&mp=xI6rAeQkygTAn3Z625IGLg=="",""Perkebunan Terong"")']"
 Petani Bayam,Pertanian Bayam,"28,5",60,3,2014,"['_pengusahadetail(""?pm=5NtSHUCprlGhbzN6b3Mh/g==&mp=xI6rAeQkygTAn3Z625IGLg=="",""Petani Bayam"")']"
 Peternak Bandeng,Peternak Bandeng,"144,5",25,2,2014,"['_pengusahadetail(""?pm=4OTh+34slPO8lC5XbafTGg==&mp=xI6rAeQkygTAn3Z625IGLg=="",""Peternak Bandeng"")']"
 Krupuk Unyil Agnes,Snak Krupuk Unyil,"16,67",6,1,2014,"['_pengusahadetail(""?pm=myAxSfIrzOKfQVjzWWaMgg==&mp=xI6rAeQkygTAn3Z625IGLg=="",""Krupuk Unyil Agnes"")']"
 Budidaya Jamur ,Buduidaya Jamur Dan Pembibitan ,"78,5",198,5,2014,"['_pengusahadetail(""?pm=QdU/t35Sy+kQHz1u9asOBw==&mp=xI6rAeQkygTAn3Z625IGLg=="",""Budidaya Jamur "")']"
 Budidaya Ikan,Budidaya Ikan,237,384,1,2015,"['_pengusahadetail(""?pm=IAwbU7dvnhY1J2/teMxdbg==&mp=Q47xnX4Fmgxfelhgew2rrQ=="",""Budidaya Ikan"")']"
 Kebun Lada Syahril,Penanaman Lada,67,"59,04",1,2016,"['_pengusahadetail(""?pm=f+inK/T00Wzn6Wn3Z3pJiQ==&mp=5JdvraNzQnzSzI+hC9alEQ=="",""Kebun Lada Syahril"")']"
 Kebun Lada Zumardi,Penanaman Lada,111,"61,5",2,2016,"['_pengusahadetail(""?pm=TBpbi4waAJEjyPaLwPpqCg==&mp=5JdvraNzQnzSzI+hC9alEQ=="",""Kebun Lada Zumardi"")']"
 Perkebunan Salak,Perkebunan Salak,5,6,1,2015,"['_pengusahadetail(""?pm=SpT96xtlRKY+052jn+VicA==&mp=Q47xnX4Fmgxfelhgew2rrQ=="",""Perkebunan Salak"")']"
 Kub Berkat Usaha,Nelayan Tangkap,391,"184,2",20,2016,"['_pengusahadetail(""?pm=AYXfoJ9UMxTZU1D2YQtrYw==&mp=5JdvraNzQnzSzI+hC9alEQ=="",""Kub Berkat Usaha"")']"
 Kub Rizqi,Nelayan Tangkap,"572,8",26,22,2016,"['_pengusahadetail(""?pm=V0Pw1AviBlsRaod9C5ijLA==&mp=5JdvraNzQnzSzI+hC9alEQ=="",""Kub Rizqi"")']"
 Kue Darma Rini,Industri,460,"518,4",3,2016,"['_pengusahadetail(""?pm=JPw1+3kRXXI88dULWxNPjA==&mp=5JdvraNzQnzSzI+hC9alEQ=="",""Kue Darma Rini"")']"
 Pedagang Ikan Keliling,Pedagang Ikan ,"22,15","59,31",1,2016,"['_pengusahadetail(""?pm=4iKarirFhKL88+WTw1ZRnw==&mp=5JdvraNzQnzSzI+hC9alEQ=="",""Pedagang Ikan Keliling"")']"
 Watawa Sau Bil Haq,Nelayan Udang Mantis,"456,8",96,20,2016,"['_pengusahadetail(""?pm=KjjwUIxRjM6N3WA9FOGgpQ==&mp=5JdvraNzQnzSzI+hC9alEQ=="",""Watawa Sau Bil Haq"")']"
 Pedagang Ikan Keliling,Pedagang Ikan ,"22,45","59,31",1,2016,"['_pengusahadetail(""?pm=ymD5aID18urzpjpq0g18cQ==&mp=5JdvraNzQnzSzI+hC9alEQ=="",""Pedagang Ikan Keliling"")']"
 Petani Padi,Petani Padi,170,"40,5",2,2016,"['_pengusahadetail(""?pm=4k35RvqZyk1SVtgNYy4P2Q==&mp=5JdvraNzQnzSzI+hC9alEQ=="",""Petani Padi"")']"
 Kebun Lada Rosmina,Pertanian,65,"49,2",3,2016,"['_pengusahadetail(""?pm=6wPPhUi3AXTeMrZxwR70nQ==&mp=5JdvraNzQnzSzI+hC9alEQ=="",""Kebun Lada Rosmina"")']"
 Kacang Panjang Dan Cabe Rawit Marfuah,Pertanian,336,78,2,2016,"['_pengusahadetail(""?pm=eYQ8Srg0rcxQxJIxUv6THQ==&mp=5JdvraNzQnzSzI+hC9alEQ=="",""Kacang Panjang Dan Cabe Rawit Marfuah"")']"
 Pepai Santoso,Penampungan Ikan Tawar (Pepai),173,360,5,2014,"['_pengusahadetail(""?pm=VZreOoqZtjUQrZ8CZiNz4A==&mp=xI6rAeQkygTAn3Z625IGLg=="",""Pepai Santoso"")']"
 Kayu Api Ibrahim,Pengolahan Kayu Api,6,48,1,2014,"['_pengusahadetail(""?pm=qbQVtUp2uJH7rXM4KL+kfQ==&mp=xI6rAeQkygTAn3Z625IGLg=="",""Kayu Api Ibrahim"")']"
 Madu Asli Alami,Madu Lebah,18,60,2,2014,"['_pengusahadetail(""?pm=Rq4O+XRFnyWex+w28QvA6g==&mp=xI6rAeQkygTAn3Z625IGLg=="",""Madu Asli Alami"")']"
 Pertanian Soukin,Pertanian,1.026,520,2,2018,"['_pengusahadetail(""?pm=j3hlRk3PiYc7tQs0ik9AXg==&mp=tFF9KAXBbci/UefzhiAg3g=="",""Pertanian Soukin"")']"
 Pertanian Radi,Pertanian,"26,2","18,2",2,2018,"['_pengusahadetail(""?pm=0+0BLqwHyuE7m9swUQxaaw==&mp=tFF9KAXBbci/UefzhiAg3g=="",""Pertanian Radi"")']"
 Perkebunan,Pertanian,174,143,2,2018,"['_pengusahadetail(""?pm=tk1Y9q9tBiL5Q0Y27ik7+w==&mp=tFF9KAXBbci/UefzhiAg3g=="",""Perkebunan"")']"
 Sutrisno Dagang,Perikanan,"7,3","6,5",2,2018,"['_pengusahadetail(""?pm=W9lnqtRDt3ErFuoFXooqUA==&mp=tFF9KAXBbci/UefzhiAg3g=="",""Sutrisno Dagang"")']"
 Ubi Daun Samsinar,Singkong Daun,537,75,2,2016,"['_pengusahadetail(""?pm=Fb1kcpBcYXT6rKYviqEuCA==&mp=5JdvraNzQnzSzI+hC9alEQ=="",""Ubi Daun Samsinar"")']"
 Kebun Sawit Cici,Perkebunan Sawit,143,360,4,2016,"['_pengusahadetail(""?pm=GjME0bQ0evf6cnPBrwMCVA==&mp=5JdvraNzQnzSzI+hC9alEQ=="",""Kebun Sawit Cici"")']"
 Toko Pakan Ternak,Jual Pakan Ternak,"1.498,5",48,1,2014,"['_pengusahadetail(""?pm=SSdHwiXEr92C2s0NpU/MtQ==&mp=xI6rAeQkygTAn3Z625IGLg=="",""Toko Pakan Ternak"")']"
 Nasi Gemuk Poniah,Nasi Gemuk,"2,5",90,1,2014,"['_pengusahadetail(""?pm=RBXEaVzrS8/QlB6j8xCikw==&mp=xI6rAeQkygTAn3Z625IGLg=="",""Nasi Gemuk Poniah"")']"
 Ternak Ayam Kampung,Ternak Ayam Kampung,"41,5",144,1,2014,"['_pengusahadetail(""?pm=tuGcLxtBR4df525nOXhaew==&mp=xI6rAeQkygTAn3Z625IGLg=="",""Ternak Ayam Kampung"")']"
 Petani Padi,Petani Padi,"54,72",27,1,2016,"['_pengusahadetail(""?pm=nfW29lHUm+FcxRtIESDWBQ==&mp=5JdvraNzQnzSzI+hC9alEQ=="",""Petani Padi"")']"
 Petani Padi,Petani Padi,"50,5","47,25",2,2016,"['_pengusahadetail(""?pm=+lldrrWsa5pGtTMoqbCIUg==&mp=5JdvraNzQnzSzI+hC9alEQ=="",""Petani Padi"")']"
 Petani Sayur,Sayur,"5,2","9,6",2,2016,"['_pengusahadetail(""?pm=0pWUBVTwHGxUWmXXkN6dVQ==&mp=5JdvraNzQnzSzI+hC9alEQ=="",""Petani Sayur"")']"
 Sanusi,Perikanan,"18,9",52,2,2018,"['_pengusahadetail(""?pm=yBb1jo897LzR2Ucz0Y1GTQ==&mp=tFF9KAXBbci/UefzhiAg3g=="",""Sanusi"")']"
